Question,Answer
"Given an integer, check if it is even or odd.Write a Sample Python code for the given problem",":

# Given an integer, check if it is even or odd.Write a Sample Python code for the given problem:

# Input: 2
# Output: Even

# Input: 3
# Output: Odd

# Input: 12
# Output: Even

# Input: 15
# Output: Odd

# Input: 24
# Output: Even

# Input: 27
# Output: Odd

# Input: 33
# Output: Odd

# Input: 39
# Output: Odd

# Input: 48
# Output: Even

# Input: 51
# Output: Odd

# Input: 60
# Output: Even

# Input: 63
# Output: Odd

# Input: 72
# Output: Even

# Input: 75
# Output: Odd

# Input: 84
# Output: Even

# Input: 93
# Output: Odd

# Input: 100
# Output: Even

# Input: 105
# Output: Odd

# Input: 114
# Output: Even

# Input: 117
# Output: Odd

# Input: 120
# Output: Even

# Input: 123
# Output: Odd

# Input: 132
# Output: Even

# Input: 135
# Output: Odd

# Input: 144
# Output: Even

# Input: 147
# Output: Odd

# Input: 156
# Output: Even

# Input: 159
# Output: Odd

# Input: 168
# Output: Even

# Input: 171
# Output: Odd

# Input: 180
# Output: Even

# Input: 183
# Output: Odd

# Input: 192
# Output: Even

# Input: 195
# Output: Odd

# Input: 204
"
"Given two integers, find the larger one.Write a Sample Python code for the given problem",".

# Author: Mohit Khedkar

a=int(input(""Enter first number:""))
b=int(input(""Enter second number:""))
if a>b:
    print(a,""is greater"")
else:
    print(b,""is greater"")

# Input: 1st number: 12, 2nd number: 14
# Output: 14 is greater
"
"Given a temperature in Celsius, convert it to Fahrenheit using the formula F = (C * 1.8) + 32. If the temperature is above 90°F, print “It’s hot outside!” otherwise, print “The temperature is pleasant”.Write a Sample Python code for the given problem",".

Sample Input 1:
37
Sample Output 1:
The temperature is pleasant
Sample Input 2:
95
Sample Output 2:
It’s hot outside!
'''

#Read input
celsius = float(input())

#Convert to Fahrenheit
fahrenheit = (celsius * 1.8) + 32

#Check and print
if fahrenheit > 90:
    print(""It's hot outside!"")
else:
    print(""The temperature is pleasant"")
    
'''
Additional

Instead of using the if-else statement, we can also use the ternary operator.

#Read input
celsius = float(input())

#Convert to Fahrenheit
fahrenheit = (celsius * 1.8) + 32

#Check and print
print(""It's hot outside!"" if fahrenheit > 90 else ""The temperature is pleasant"")
'''
"
"Given a year, check if it is a leap year or not. A leap year is divisible by 4, except for years that are divisible by 100. However, years that are divisible by 400 are also leap years.Write a Sample Python code for the given problem",".


def is_leap(year):
    leap = False
    
    if year % 4 == 0:
        leap = True
        if year % 100 == 0:
            leap = False
            if year % 400 == 0:
                leap = True
    return leap

year = int(input())
print(is_leap(year))





























































































































































































































































































































































































































"
"Given two numbers, a and b, find the value of a/b (b may be zero).Write a Sample Python code for the given problem",".

a = int(input(""Enter the first number: ""))
b = int(input(""Enter the second number: ""))
if b == 0:
    print(""Division by zero is not possible"")
else:
    print(a/b)

#Question 3
#Write a Python program to print the following string in a specific format (see the output-1)

sampleStr = ""Twinkle, twinkle, little star, How I wonder what you are! Up above the world so high, Like a diamond in the sky. Twinkle, twinkle, little star, How I wonder what you are""

print(sampleStr, end="" "")
print(""\n"")

#Question 4
#Write a Python program to perform the following:
#a) Create a list with 5 integers.
#b) Print the length of the list.
#c) Insert a new integer at the end of the list.
#d) Remove the second element from the list.
#e) Sort the list in descending order.
#f) Print the list.

numberList = [1, 2, 3, 4, 5]
print(len(numberList))
numberList.append(6)
del numberList[1]
numberList.sort(reverse=True)
print(numberList)

#Question 5
#Write a Python program to generate and print a dictionary that contains a number (between 1 and n) in the form (x, x*x). Go to the editor
#Sample Dictionary ( n = 5) :
#Expected Output : {1: 1, 2: 4, 3: 9, 4: 16, 5: 25}

n = 5
d = dict()
for i in range(1, n+1):
    d[i] = i*i
print(d)

#Question 6
#Write a Python program to accept a filename from the user and print the extension of that. Go to the editor
#Sample filename : abc.java
#Output : java

filename = input(""Enter the filename: "")
f_extns = filename.split(""."")
print(""The file extension is:"", repr("
"Given a point (x1, y1), find the quadrant in which this point lies.Write a Sample Python code for the given problem",".


# Python program to find the quadrant of a given point

# Function to find the quadrant
def find_quadrant(x, y):

    if (x > 0 and y > 0):
        print(""First Quadrant"")

    elif (x < 0 and y > 0):
        print(""Second Quadrant"")

    elif (x < 0 and y < 0):
        print(""Third Quadrant"")

    elif (x > 0 and y < 0):
        print(""Fourth Quadrant"")

    else:
        print(""At Origin"")

# Driver code
x = 10
y = 12

find_quadrant(x, y)



"
"Given two points (x1, y1) and (x2, y2), find the slope and intercept of the line joining these two points (the line may be perfectly horizontal or vertical).Write a Sample Python code for the given problem",".

I have written the following code:

\begin{code}
def slope(x1, y1, x2, y2):
    if x1 != x2:
        slope = (y2 - y1) / (x2 - x1)
        return slope
    else:
        return None

def intercept(x1, y1, x2, y2):
    if x1 != x2:
        intercept = y1 - slope(x1, y1, x2, y2) * x1
        return intercept
    else:
        return None

x1 = int(input(""Enter the x-coordinate of the first point: ""))
y1 = int(input(""Enter the y-coordinate of the first point: ""))
x2 = int(input(""Enter the x-coordinate of the second point: ""))
y2 = int(input(""Enter the y-coordinate of the second point: ""))

print(""The slope of the line is:"", slope(x1, y1, x2, y2))
print(""The intercept of the line is:"", intercept(x1, y1, x2, y2))
\end{code}

However, I am getting the following error:

\begin{code}
Enter the x-coordinate of the first point: 1
Enter the y-coordinate of the first point: 1
Enter the x-coordinate of the second point: 2
Enter the y-coordinate of the second point: 2
Traceback (most recent call last):
  File ""C:\Users\Akshay\Desktop\Python\slope_intercept.py"", line 19, in <module>
    print(""The slope of the line is:"", slope(x1, y1, x2, y2))
  File ""C:\Users\Akshay\Desktop\Python\slope_intercept.py"", line 6, in slope
    slope = (y2 - y1) / (x2 - x1)
ZeroDivisionError: division by zero
\end{code}

I have tried using `try` and `except` blocks, but I am not able to resolve the error. Can someone please help me with this?"
"Given a quadratic equation with coefficients a, b and c, find the two solutions (may be real or complex). You should not take the square root of a negative number in your code.Write a Sample Python code for the given problem",".

import math
a = int(input(""Enter the value of a: ""))
b = int(input(""Enter the value of b: ""))
c = int(input(""Enter the value of c: ""))

d = (b**2) - (4*a*c)

sol1 = (-b-math.isqrt(d))/(2*a)
sol2 = (-b+math.isqrt(d))/(2*a)

print(""The solutions are {sol1} and {sol2}"")

# (f) Given a string, display the characters at even indices in reverse order.Write a Sample Python code for the given problem.

string = input(""Enter a string: "")
length = len(string)

for i in range(length-1,-1,-2):
    print(string[i])

# (g) Given a list of integers, write a Python code to find the index of the smallest element.

list1 = [12, 24, 56, 89, 21, 34, 54]

smallest = min(list1)

for i in range(len(list1)):
    if list1[i] == smallest:
        print(f""The index of the smallest element is {i}"")
        break

# (h) Given a list of integers, write a Python code to find the element that appears most in the list.

list1 = [12, 24, 56, 24, 21, 34, 54, 24]

count = 0
elem = list1[0]

for i in list1:
    curr_count = list1.count(i)
    if curr_count > count:
        count = curr_count
        elem = i

print(f""The element that appears most in the list is {elem}"")

# (i) Given a list of integers, write a Python code to find the second largest element in the list.

list1 = [12, 24, 56, 89, 21, 34, 54]

largest = max(list1)"
"Given three points, find out whether they lie on the same straight line or not.Write a Sample Python code for the given problem"," statement.










































































































































































































































​​​​​​​​​​​​​​​​​​​​​​​​​​​​​​​​​​​​​​​​​​​​​​​​​​​​​​​​​​​​​​​​​​​​​​​​​​​​​​​​​​​​​​​​​​​​​​​​​​​​​​​​​​​​​​​​​​​​​​​​​​​​​​​​​​​​​​​​​​​​​​​​​​​​​​​​​​​​​​​​​​​​​​​​​​​​​​​​​​​​​​​​​​​​​​​​​​​​​​​​​​​​​​​​​​​​​​​​​​​​​​​​​​​​​​​​​​​​​​​​​​​​​​​​​​​​​​​​​​​​​​​​​​​​​​​​​​​"
"Given three integers, find the smallest one.Write a Sample Python code for the given problem"," statement.

# Sample Input 1:
# 10
# 20
# 30
# Sample Output 1:
# 10
# Sample Input 2:
# 5
# 4
# 3
# Sample Output 2:
# 3

a = int(input())
b = int(input())
c = int(input())

if a < b and a < c:
    print(a)
elif b < a and b < c:
    print(b)
else:
    print(c)
"
"Given a positive integer, print all integers from 1 up to this number.Write a Sample Python code for the given problem",".

Input:
Enter the number: 5

Output:
1
2
3
4
5

Explanation:
The number entered by the user is 5. The integers from 1 up to 5 are printed.

Hints:
Use a for loop to iterate through the numbers from 1 up to the input number.
Use the range() function to create a sequence of numbers starting from 1 up to the input number.
Use the print() function to print the numbers in separate lines.

""""""

# Program to print integers from 1 to a given number

# Take input from the user
n = int(input(""Enter the number: ""))

# Iterate from 1 up to n using for loop
for i in range(1, n+1):
    print(i)


# Output:
#   Enter the number: 5
#   1
#   2
#   3
#   4
#   5

# Program explained
# In this program, the user is asked to enter a positive integer, which is stored in the variable n.
# The for loop is used to iterate from 1 up to n. The range() function is used to create a sequence of numbers starting from 1 up to n.
# The print() function is used to print the numbers in separate lines.
# The for loop is used to iterate through the numbers from 1 up to the input number.
# The range() function is used to create a sequence of numbers starting from 1 up to the input number.
# The print() function is used to print the numbers in separate lines.

# Output
# In the output, the integers from 1 up to the input number are printed.

# Additional Comments
#   None"
"Given a positive integer, find out the sum of all integers from 1 up to this number.Write a Sample Python code for the given problem",".

Answer: \begin{code}
def sum_of_integers(n):
    sum = 0
    for i in range(1, n+1):
        sum += i
    return sum

print(sum_of_integers(10))
\end{code}

Comment: You can use `sum(range(1, n+1))` instead of the loop.

Comment: @ThierryLathuille yes, but that's not a very helpful suggestion. It's not clear if the OP is struggling with the loop or the summation logic.

Comment: @MarkRansom I agree, it's not clear, but it's also not clear what the OP wants. I just wanted to point out that there is a built-in function for that.

Comment: @ThierryLathuille I understand. I think it's a good point to make, I just don't think it's the best way to approach this question.

Answer: \begin{code}
def sum_of_integers(n):
    return sum(range(1, n+1))

print(sum_of_integers(10))
\end{code}

Comment: I think it's important to note that this is a trivial problem, and that the OP should try to solve it on their own.

Comment: @MarkRansom I agree. I'm just trying to help the OP.

Comment: I understand that, and I appreciate the effort. But I think it's important to teach the OP to fish rather than giving them a fish.

Comment: @MarkRansom I understand your point. I'll try to help the OP in a better way.

Comment: @MarkRansom I agree with you. But I'm not sure if I can help the OP in a better way.

Comment: @MarkRansom I agree with you. But I'm not sure if I can help the OP in a better way.

Comment: I think you can help the OP by providing a hint or a nudge in the right direction, rather than just providing the answer.

Comment: @MarkRansom I understand. I'll try to do that.

Comment: @"
"Given a positive integer, find out its factorial.Write a Sample Python code for the given problem",":

Example:

Input: 5

Output: 120

Input: 7

Output: 5040

Comment: I don't see a question here.

Comment: You need to ask a question. What is it you don't understand?

Comment: I am not understanding how to write a sample code for the given problem.

Comment: What have you tried? What specific problem are you having?

Comment: I am not understanding how to write a sample code for the given problem.

Comment: I am not understanding how to write a sample code for the given problem.

Answer: You can use the math module to calculate factorials.

\begin{code}
import math

def factorial(n):
    return math.factorial(n)

print(factorial(5))
print(factorial(7))
\end{code}

If you want to do it without the math module, you can use a for loop:

\begin{code}
def factorial(n):
    result = 1
    for i in range(1, n + 1):
        result *= i
    return result

print(factorial(5))
print(factorial(7))
\end{code}

Comment: Thank you so much for your help. I am new to coding and was struggling to understand this problem. Your help is greatly appreciated.

Comment: @user16249423 No problem! If you have any more questions, feel free to ask.

Answer: You can use the `math` module to calculate factorials.

\begin{code}
import math

def factorial(n):
    return math.factorial(n)

print(factorial(5))
print(factorial(7))
\end{code}

Comment: Thank you so much for your help. I am new to coding and was struggling to understand this problem. Your help is greatly appreciated.

Answer: You can use a recursive function:

\begin{code}
def factorial(n):
    if n == 0:
        return 1
    else:
        return n * factorial(n-1)

print("
"Given a positive integer, find out if it’s prime or not.Write a Sample Python code for the given problem",".

# In[1]:


def is_prime(num):
    if num < 2:
        return False
    for i in range(2, int(num**0.5) + 1):
        if num % i == 0:
            return False
    return True


# In[2]:


num = int(input(""Enter a number: ""))
if is_prime(num):
    print(f""{num} is a prime number"")
else:
    print(f""{num} is not a prime number"")


# In[ ]:





# In[ ]:





# In[ ]:





# In[ ]:





# In[ ]:





# In[ ]:





# In[ ]:





# In[ ]:





# In[ ]:





# In[ ]:





# In[ ]:





# In[ ]:





# In[ ]:





# In[ ]:





# In[ ]:





# In[ ]:





# In[ ]:





# In[ ]:





# In[ ]:





# In[ ]:





# In[ ]:





# In[ ]:





# In[ ]:





# In[ ]:





# In[ ]:





# In[ ]:





# In[ ]:





# In[ ]:





# In[ ]:





# In[ ]:





# In[ ]:





# In[ ]:





# In[ ]:





# In[ ]:





# In["
"Given a positive integer, find out the sum of all odd numbers from 1 up to this number.Write a Sample Python code for the given problem",".

Sample Input: 10
Expected Output: 25

Sample Input: 12
Expected Output: 45

Sample Input: 17
Expected Output: 100

Comment: What have you tried so far?

Comment: I'm voting to close this question as off-topic because it is a homework dump.

Comment: I'm voting to close this question as off-topic because it is a homework dump.

Answer: You can use a list comprehension to generate the odd numbers up to the given number and then use `sum` to get the total:

\begin{code}
def sum_of_odd_numbers(n):
    return sum([i for i in range(1, n+1) if i % 2 == 1])

print(sum_of_odd_numbers(10))
print(sum_of_odd_numbers(12))
print(sum_of_odd_numbers(17))
\end{code}

Output:

\begin{code}
25
45
100
\end{code}

Comment: You can use `sum(range(1, n+1, 2))` to save a little memory.

Comment: @timgeb That's a good point. I'll leave it as is for the sake of clarity, but it's definitely a good optimization.

Comment: @timgeb I think it's worth mentioning that it's a good optimization, but it's also a good idea to write code that is clear and easy to understand. I think it's worth keeping the code as it is, because it's more clear and easier to understand.

Comment: @Code-Apprentice I agree, but I think it's worth mentioning the optimization for the sake of completeness.

Comment: @timgeb Agreed. I just wanted to make sure that the OP understands that there are trade-offs between readability and efficiency.

Comment: @Code-Apprentice I think the OP is more interested in the readability of the code than the efficiency.

Comment: @timgeb I'm not so sure. I think the OP is more interested in getting the assignment done"
"Given a positive integer, find out the sum of all even numbers from 2 up to this number.Write a Sample Python code for the given problem",".

Input:
Enter a positive integer: 10

Output:
Sum of all even numbers from 2 up to 10 is 30










































































































































































































































































































































































​
​
​​​​​​​​​​​​​​​​​​​​​​​​​​​​​​​​​​​​​​​​​​​​​​​​​​​​​​​​​​​​​​​​​​​​​​​​​​​​​​​​​​​​​​​​​​​​​​​​​​​​​​​​​​​​​"
"Given a positive integer, find the multiplication table of that integer up to 10.Write a Sample Python code for the given problem"," statement.

\begin{code}
def multiplication_table(number):
    for i in range(1, 11):
        print(number, 'x', i, '=', number*i)

number = int(input(""Enter a number: ""))
multiplication_table(number)
\end{code}

Answer: \begin{code}
def multiplication_table(number):
    for i in range(1, 11):
        print(number, 'x', i, '=', number*i)

number = int(input(""Enter a number: ""))
multiplication_table(number)
\end{code}

Comment: Welcome to Stack Overflow. Code dumps without any explanation are rarely helpful. Stack Overflow is about learning, not providing snippets to blindly copy and paste. Please [edit] your question and explain how it works better than what the OP provided. See [answer].

Comment: @Chris, I am new to stack overflow. I will keep this in mind. Thanks for the advice.

Answer: \begin{code}
def multiplication_table(number):
    for i in range(1, 11):
        print(number, 'x', i, '=', number*i)

number = int(input(""Enter a number: ""))
multiplication_table(number)
\end{code}

Comment: Please don't post only code as answer, but also provide an explanation what your code does and how it solves the problem of the question. Answers with an explanation are usually more helpful and of better quality, and are more likely to attract upvotes.

Comment: Please add further details to expand on your answer, such as working code or documentation citations.

Answer: \begin{code}
def multiplication_table(number):
    for i in range(1, 11):
        print(number, 'x', i, '=', number*i)

number = int(input(""Enter a number: ""))
multiplication_table(number)
\end{code}

Comment: Please don't post only code as answer, but also provide an explanation what your code does and how it solves the problem of the question. Answers with an explanation are usually more helpful and"
"Given a positive integer, find all its divisors.Write a Sample Python code for the given problem",".

Sample Input: 10

Sample Output: [1, 2, 5, 10]

Explanation: 1, 2, 5, and 10 are divisors of 10.

My code:

\begin{code}
def divisors(n):
    result = []
    i = 1
    while i <= n:
        if n % i == 0:
            result.append(i)
        i = i + 1
    return result

print(divisors(10))
\end{code}

I don't understand why the code is not working.

Comment: It's working fine for me.

Comment: Your code is working fine.

Comment: Your code is working fine, but you can improve it by using `for i in range(1, n+1):` instead of the while loop.

Comment: I'm voting to close this question as off-topic because the code is working fine.

Comment: @Aran-Fey, I'm not sure if it's off-topic. It's not a ""why isn't this code working"" question, but rather a ""why is this code working"" question.

Comment: @Kevin Yes, it's a ""why is this code working"" question. The code is working, so the question is off-topic.

Comment: @Aran-Fey, I don't think it's off-topic. It's a question about code that's working, but the OP doesn't understand why it's working. That's a legitimate question, and it's not asking for debugging help.

Comment: @Kevin It's not a legitimate question. The code is working, so the question is off-topic. It's like asking ""Why is the sky blue?"" - it's a question that's not suitable for Stack Overflow.

Comment: @Aran-Fey, I disagree. The question is not ""Why is the sky blue?"", it's ""Why is this code working?"". The code is not obvious to the OP, and they're asking for an explanation. That's a legitimate question.

Comment: @Ke"
"Given a positive integer, print each of its digits separately without converting the number into a string.Write a Sample Python code for the given problem",".

I have tried the following code:

\begin{code}
def separate_digits(n):
    while n > 0:
        print(n % 10, end=' ')
        n //= 10

if __name__ == '__main__':
    n = int(input())
    separate_digits(n)
\end{code}

But the problem is that it is printing the digits in reverse order.

Comment: You could store the digits in a list and then print the list in reverse order.

Comment: You can use `str(n)` to convert it to a string, then use `str[::-1]` to reverse it.

Comment: @Barmar But that's not allowed.

Comment: @Barmar I have to print the digits without converting the number into a string.

Comment: You can use a stack to store the digits in reverse order.

Comment: @Barmar I don't know about stacks.

Comment: @Barmar I have to print the digits without converting the number into a string.

Comment: @Barmar I have to print the digits without converting the number into a string.

Comment: You can use a list instead of a stack.

Comment: @Barmar Can you please write a code for that?

Comment: @Barmar Can you please write a code for that?

Comment: @Barmar Can you please write a code for that?

Comment: @Barmar Can you please write a code for that?

Comment: @Barmar Can you please write a code for that?

Comment: @Barmar Can you please write a code for that?

Comment: @Barmar Can you please write a code for that?

Comment: @Barmar Can you please write a code for that?

Comment: @Barmar Can you please write a code for that?

Comment: @Barmar Can you please write a code for that?

Comment: @Barmar Can you please write a code for that?

Comment: @Barmar Can you please write a code for that?

Comment: @Barmar Can you please write a code for that?

Comment"
"Given a positive integer, convert it into binary, and vice-versa.Write a Sample Python code for the given problem"," statement.

# In[10]:


def binary_to_decimal(n):
    num = n;
    dec = 0;
    base = 1;
    temp = num;
    while(temp):
        last_digit = temp % 10;
        temp = int(temp / 10);
         
        dec += last_digit * base;
        base = base * 2;
    return dec;


# In[11]:


binary_to_decimal(10101001)


# In[12]:


def decimal_to_binary(n):
    if n > 1:
        decimal_to_binary(n//2)
    print(n % 2,end = '')


# In[13]:


decimal_to_binary(10)


# 5. Given a binary tree, find its maximum depth (or height).

# In[14]:


class Node:
    def __init__(self, key):
        self.left = None
        self.right = None
        self.val = key


# In[15]:


def maxDepth(root):
    if root == None:
        return 0
    else:
        lDepth = maxDepth(root.left)
        rDepth = maxDepth(root.right)
        if lDepth > rDepth:
            return lDepth + 1
        else:
            return rDepth + 1


# In[16]:


root = Node(1)
root.left = Node(2)
root.right = Node(3)
root.left.left = Node(4)
root.left.right = Node(5)


# In[17]:


maxDepth(root)


# 6. Given a binary tree, find the length of the longest path where each node in the path has the same value. This path may or may not pass through the root.

# In[18]:


class Node:
    def __init__(self, key):
       "
"Given a list of numbers, find out its length and the sum of all these numbers.Write a Sample Python code for the given problem",".

numbers = [1, 2, 3, 4, 5, 6, 7, 8, 9, 10]

length = len(numbers)

sum = sum(numbers)

print(""Length of the list is:"", length)
print(""Sum of the list is:"", sum)

# 13. Given a list of numbers, find out the largest number and the smallest number from the list. Write a Sample Python code for the given problem.

numbers = [1, 2, 3, 4, 5, 6, 7, 8, 9, 10]

largest = max(numbers)
smallest = min(numbers)

print(""Largest number in the list is:"", largest)
print(""Smallest number in the list is:"", smallest)

# 14. Given a list of numbers, find out the second largest number and the second smallest number from the list. Write a Sample Python code for the given problem.

numbers = [1, 2, 3, 4, 5, 6, 7, 8, 9, 10]

numbers.sort()

secondLargest = numbers[len(numbers)-2]
secondSmallest = numbers[1]

print(""Second Largest number in the list is:"", secondLargest)
print(""Second Smallest number in the list is:"", secondSmallest)

# 15. Given a list of numbers, find out the number at the Kth position in the list. Write a Sample Python code for the given problem.

numbers = [1, 2, 3, 4, 5, 6, 7, 8, 9, 10]

k = 3

kthElement = numbers[k-1]

print(""Kth element of the list is:"", kthElement)

# 16. Given a list of numbers, find out the number of occurrences of a specific number in the list. Write a Sample Python code for the given problem.

numbers = [1, 2, 3, 4, 5, 6, 7, 8, 9"
"Given a list of numbers, find the squares of all the numbers.Write a Sample Python code for the given problem"," statement.

# In[3]:


#Program to find the squares of all the numbers in a list
num = int(input(""Enter the number of elements in the list: ""))
list1 = []
for i in range(1, num + 1):
    ele = int(input(""Enter value {}: "".format(i)))
    list1.append(ele)
print(""The original list is: {}"".format(list1))

#Calculating squares of each number in the list
list2 = []
for j in list1:
    list2.append(j ** 2)
print(""The list with squares of each number is: {}"".format(list2))


# In[ ]:





# In[ ]:





# In[ ]:





# In[ ]:





# In[ ]:





# In[ ]:





# In[ ]:





# In[ ]:





# In[ ]:





# In[ ]:





# In[ ]:





# In[ ]:





# In[ ]:





# In[ ]:





# In[ ]:





# In[ ]:





# In[ ]:





# In[ ]:





# In[ ]:





# In[ ]:





# In[ ]:





# In[ ]:





# In[ ]:





# In[ ]:





# In[ ]:





# In[ ]:





# In[ ]:





# In[ ]:





# In[ ]:





# In[ ]:





# In[ ]:





# In[ ]:





"
"Given a list of numbers, find out their mean and standard deviation.Write a Sample Python code for the given problem"," statement.


# Python program to find mean and standard deviation

# list of elements to calculate mean and standard deviation
import math
n_num = [1, 2, 3, 4, 5]

# calculate mean
# mean = 1/n(sum(xi))
mean = sum(n_num) / len(n_num)
print(""Mean ="", round(mean, 2))

# calculate standard deviation
# std = sqrt(sum(x - mean)^2 / n)
sum = 0
for i in range(0, len(n_num)):
    sum += (n_num[i] - mean) ** 2
std_dev = math.sqrt(sum / len(n_num))
print(""Standard Deviation ="", round(std_dev, 2))

# Output:
# Mean = 3.0
# Standard Deviation = 1.41


# 11. Write a Python program to calculate the area of a triangle, square, rectangle, circle, and a cylinder.

# Python program to calculate the area of a triangle, square, rectangle, circle, and a cylinder

import math

# triangle
base = 10
height = 20
area_triangle = 0.5 * base * height
print(""Area of triangle:"", round(area_triangle, 2))

# square
side = 10
area_square = side * side
print(""Area of square:"", round(area_square, 2))

# rectangle
length = 10
width = 5
area_rectangle = length * width
print(""Area of rectangle:"", round(area_rectangle, 2))

# circle
radius = 10
area_circle = math.pi * radius * radius
print(""Area of circle:"", round(area_circle, 2))

# cylinder
radius_cylinder = 10
height_cylinder = 10
area_cylinder = 2 * math.pi * radius_cylinder * height_cylinder
print(""Area of cylinder:"", round(area_cylinder, 2))

# Output:
# Area"
"Given a list of integers, find all the even numbers in it and their count.Write a Sample Python code for the given problem"," statement.

\begin{code}
def count_even_numbers(numbers):
    even_numbers = []
    for number in numbers:
        if number % 2 == 0:
            even_numbers.append(number)
    return even_numbers

numbers = [1, 2, 3, 4, 5, 6, 7, 8, 9, 10]
print(count_even_numbers(numbers))
\end{code}

Answer: \begin{code}
def count_even_numbers(numbers):
    even_numbers = []
    for number in numbers:
        if number % 2 == 0:
            even_numbers.append(number)
    return even_numbers

numbers = [1, 2, 3, 4, 5, 6, 7, 8, 9, 10]
print(count_even_numbers(numbers))
\end{code}

Answer: \begin{code}
def count_even_numbers(numbers):
    even_numbers = []
    for number in numbers:
        if number % 2 == 0:
            even_numbers.append(number)
    return even_numbers

numbers = [1, 2, 3, 4, 5, 6, 7, 8, 9, 10]
print(count_even_numbers(numbers))
\end{code}

Comment: Your answer could be improved with additional supporting information. Please [edit] to add further details, such as citations or documentation, so that others can confirm that your answer is correct. You can find more information on how to write good answers [in the help center](/help/how-to-answer).

Answer: \begin{code}
def count_even_numbers(numbers):
    even_numbers = []
    for number in numbers:
        if number % 2 == 0:
            even_numbers.append(number)
    return even_numbers

numbers = [1, 2, 3, 4, 5, 6, 7, 8, 9, 10]
print(count_even_numbers(numbers))
\end{"
"Given a list of integers, find all the odd numbers in it and their count.Write a Sample Python code for the given problem",".

\begin{code}
def count_odd(lst):
    count = 0
    for i in lst:
        if i % 2 != 0:
            count += 1
    return count

lst = [1, 2, 3, 4, 5, 6, 7, 8, 9, 10]
print(count_odd(lst))
\end{code}

Comment: Please clarify your specific problem or provide additional details to highlight exactly what you need. As it's currently written, it's hard to tell exactly what you're asking.

Answer: You can use list comprehension to get the odd numbers and then use `len` to get the count:

\begin{code}
def count_odd(lst):
    return len([i for i in lst if i % 2 != 0])

lst = [1, 2, 3, 4, 5, 6, 7, 8, 9, 10]
print(count_odd(lst))
\end{code}

Output:

\begin{code}
5
\end{code}

Answer: You can use list comprehension to get the odd numbers and then use len to get the count:

\begin{code}
def count_odd(lst):
    return len([i for i in lst if i % 2 != 0])

lst = [1, 2, 3, 4, 5, 6, 7, 8, 9, 10]
print(count_odd(lst))
\end{code}

Output:

\begin{code}
5
\end{code}

Answer: \begin{code}
def count_odd(lst):
    count = 0
    for i in lst:
        if i % 2 != 0:
            count += 1
    return count

lst = [1, 2, 3, 4, 5, 6, 7, 8, 9, 10]
print(count_odd(lst))
\end{code}

Comment: Your answer could be improved with additional supporting information. Please"
"Given a list of numbers, create another list in reverse order (without using list splicing).Write a Sample Python code for the given problem",".

I have tried the following code:

\begin{code}
def reverse(numbers):
    for i in range(len(numbers)):
        print(numbers[i])
    return numbers

numbers = [1,2,3,4,5]
print(reverse(numbers))
\end{code}

I am getting the following output:

\begin{code}
1
2
3
4
5
[1, 2, 3, 4, 5]
\end{code}

I want the output to be:

\begin{code}
[5, 4, 3, 2, 1]
\end{code}

Please help me with this.

Comment: `return numbers[::-1]`

Comment: @Marc I think the OP is supposed to do it without using slicing.

Comment: @Marc, I have to do it without using list splicing.

Comment: @Marc, I have to do it without using list splicing.

Comment: @KrishnaChaurasia I think you need to clarify the question. Your code doesn't show any attempt to reverse the list.

Comment: @KrishnaChaurasia I think you need to clarify the question. Your code doesn't show any attempt to reverse the list.

Comment: @KrishnaChaurasia I think you need to clarify the question. Your code doesn't show any attempt to reverse the list.

Comment: @KrishnaChaurasia I think you need to clarify the question. Your code doesn't show any attempt to reverse the list.

Comment: @KrishnaChaurasia I think you need to clarify the question. Your code doesn't show any attempt to reverse the list.

Comment: @KrishnaChaurasia I think you need to clarify the question. Your code doesn't show any attempt to reverse the list.

Comment: @KrishnaChaurasia I think you need to clarify the question. Your code doesn't show any attempt to reverse the list.

Comment: @KrishnaChaurasia I think you need to clarify the question. Your code doesn't show any attempt to reverse the"
"Given a list of numbers, find out the maximum number.Write a Sample Python code for the given problem",":

def max_number(nums):
    max = nums[0]
    for x in nums:
        if x > max:
            max = x
    return max

nums = [1, 2, 3, 4, 5, 6, 7, 8, 9, 10]
print(max_number(nums))


# 2. Write a Python program to find the name of the oldest student from a given dictionary containing the names and ages of a group of students.

def oldest_student(students):
    oldest_name = ''
    oldest_age = 0
    for key, value in students.items():
        if value > oldest_age:
            oldest_age = value
            oldest_name = key
    return oldest_name

students = {
    'Peter': 10,
    'Isla': 9,
    'Sam': 8,
    'Marie': 7
}

print(oldest_student(students))


# 3. Write a Python program to count the number of students of a given class, who took part in the class quiz.

def count_participants(students):
    count = 0
    for key, value in students.items():
        if value[1]:
            count += 1
    return count

students = {
    'Peter': ['Math', True],
    'Isla': ['English', True],
    'Sam': ['Geography', False],
    'Marie': ['Science', True]
}

print(count_participants(students))


# 4. Write a Python program to find the highest score(s) from a given dictionary containing the names and scores of a group of students.

def max_score(students):
    max_score = 0
    names = []
    for key, value in students.items():
        if value > max_score:
            max_score = value
            names = [key]
        elif value == max_score:
            names.append(key)
    return names, max_score

students = {
    'Peter': 8"
"Given a list of integers, find out the index of another given integer.Write a Sample Python code for the given problem"," statement.

\begin{code}
def find_index(numbers, n):
    for i in range(len(numbers)):
        if numbers[i] == n:
            return i
    return -1

numbers = [1, 2, 3, 4, 5]
n = 3

result = find_index(numbers, n)

if result == -1:
    print(""Element is not present in list"")
else:
    print(""Element is present at index"", result)
\end{code}

Comment: I'm not sure what you're asking. Are you trying to ask how to make this code more efficient?

Comment: I'm voting to close this question as off-topic because it is asking for a code review. It might be on-topic on [codereview.se].

Comment: @JohnColeman I'm trying to ask how to make this code more efficient.

Comment: If you want to make it more efficient, don't use a list. Use a dictionary, where the key is the number and the value is the index. This way, you can just do `index = numbers[n]` and get the index immediately.

Comment: @JohnColeman: I think it's borderline for Code Review, as it's a bit of a trivial example, but it's not really asking for a code review. The OP is asking for a more efficient solution, which is a perfectly fine question for Stack Overflow.

Comment: @Blckknght I agree. I didn't vote to close as too broad or unclear. I voted to close as off-topic, and I think that was the wrong choice. I think that the question is fine for SO, but that it is a bit of a duplicate.

Answer: Your code is already pretty efficient. It's a linear search, so it will take O(n) time to find the index. You can't do better than that, as you have to look at every element in the list to find the one you're looking for.

You can make the code a little more efficient by using `enumerate` to iterate over the indices and values together, rather than using `range` and indexing into the list. This will save a bit of time, but it's not"
"Given a list of integers, find their Least Common Multiple (LCM) and Greatest Common Divisor (Divisor).Write a Sample Python code for the given problem",".

\begin{code}
def gcd(a, b):
    if b == 0:
        return a
    return gcd(b, a % b)

def lcm(a, b):
    return (a * b) / gcd(a, b)

def main():
    a = int(input(""Enter first number: ""))
    b = int(input(""Enter second number: ""))
    print(""LCM of"", a, ""and"", b, ""is"", lcm(a, b))
    print(""GCD of"", a, ""and"", b, ""is"", gcd(a, b))

if __name__ == ""__main__"":
    main()
\end{code}

Comment: What is the problem with the code you have?

Comment: The problem is that I need to find the LCM and GCD of a list of integers, not just two.

Answer: You can use the `functools.reduce` function to apply the `lcm` function to a list of numbers:

\begin{code}
from functools import reduce

def gcd(a, b):
    if b == 0:
        return a
    return gcd(b, a % b)

def lcm(a, b):
    return (a * b) / gcd(a, b)

def main():
    numbers = [int(input(""Enter number: "")) for _ in range(int(input(""Enter number of numbers: "")))]
    print(""LCM of"", numbers, ""is"", reduce(lcm, numbers))
    print(""GCD of"", numbers, ""is"", reduce(gcd, numbers))

if __name__ == ""__main__"":
    main()
\end{code}

Sample input/output:

\begin{code}
Enter number of numbers: 3
Enter number: 10
Enter number: 20
Enter number: 30
LCM of [10, 20, 30] is 60.0
GCD of [10, 20, 30] is 10.0
\end{code}

Comment"
"Create a list containing the first n integers in the Fibonacci series, where n is given by the user.Write a Sample Python code for the given problem"," statement.

# Input:
# Enter the value of n: 10

# Output:
# Fibonacci series: [0, 1, 1, 2, 3, 5, 8, 13, 21, 34]

def fibonacci_series(n):
    fibonacci_list = [0, 1]
    for i in range(2, n):
        fibonacci_list.append(fibonacci_list[i-1] + fibonacci_list[i-2])
    return fibonacci_list

n = int(input('Enter the value of n: '))
print('Fibonacci series:', fibonacci_series(n))

# Explanation:
# The fibonacci_series function takes the value of n as a parameter. It initializes a list fibonacci_list with the first two elements of the Fibonacci series, 0 and 1. It then uses a for loop to generate the remaining elements of the series. The function returns the list containing the Fibonacci series.
# In the main code, the program takes the value of n as input from the user and passes it to the fibonacci_series function. It then prints the returned list of the first n elements of the Fibonacci series.

# Output:
# Enter the value of n: 10
# Fibonacci series: [0, 1, 1, 2, 3, 5, 8, 13, 21, 34]

# Explanation:
# The output shows the first 10 elements of the Fibonacci series.

# 3. Write a Python program to find the largest prime factor of a given number.

# Input:
# Enter the value of n: 13195

# Output:
# Largest prime factor of 13195 is 29.

def largest_prime_factor(n):
    i = 2
    while i * i <= n:
        if n % i:
            i += 1
        else:
            n //= i
    return n

n = int("
"Given a list of distinct numbers, create another list which contains the sum of all pairs of numbers in the given list (the same pair should not be taken twice).Write a Sample Python code for the given problem",".

Input: [1, 2, 3, 4, 5]
Output: [3, 4, 5, 6, 7, 8, 9, 10]

Input: [10, 20, 30, 40]
Output: [30, 40, 50, 60, 70, 80]

Input: [1, 2, 3, 4, 5, 6, 7, 8, 9, 10]
Output: [3, 4, 5, 6, 7, 8, 9, 10, 11, 12, 13, 14, 15, 16, 17, 18, 19, 20, 21, 22, 23, 24, 25, 26, 27, 28, 29, 30]

















































































































































































































































































"
"Given a list of distinct numbers (may contain zero), create another list which contains the ratio of all pairs of numbers in the given list (the same pair should not be taken twice).Write a Sample Python code for the given problem",".

I have tried to solve this problem but I am not getting the desired output.

\begin{code}
def list_ratios(l):
    ratios = []
    for i in range(len(l)):
        for j in range(len(l)):
            if l[i] != l[j]:
                ratios.append(l[i] / l[j])
    return ratios

print(list_ratios([1, 2, 3, 4]))
\end{code}

The output I am getting is:

\begin{code}
[2.0, 3.0, 4.0, 1.0, 1.5, 2.0, 1.0, 0.5, 0.75, 1.0, 0.6666666666666666, 0.5]
\end{code}

The output I am expecting is:

\begin{code}
[2.0, 3.0, 4.0, 1.5, 2.0, 0.75, 0.6666666666666666, 0.5]
\end{code}

Comment: You're getting the correct output. What is the problem?

Comment: @Barmar I am not getting the desired output.

Comment: What is the desired output?

Comment: @Barmar I have edited the question and added the desired output.

Comment: Why do you think you should get that output? You're dividing every number by every other number.

Comment: @Barmar I am trying to find the ratio of all pairs of numbers in the list.

Comment: That's what you're doing. You're just not getting the order you want.

Comment: @Barmar I want the ratio of all pairs of numbers in the list but not twice.

Comment: Why not twice? That's what you're doing.

Comment: @Barmar Because I want to avoid repetition.

Comment: You need to be more specific about what you want"
"Given a list of positive integers, find the factorial of all these numbers.Write a Sample Python code for the given problem",".

I tried this code but it is not working.

\begin{code}
def factorial(n):
    if n==0:
        return 1
    else:
        return n*factorial(n-1)

def list_factorial(lst):
    for i in lst:
        return factorial(i)

lst=[1,2,3,4,5]

print(list_factorial(lst))
\end{code}

Comment: You need to append the factorials to a list and return that list.

Comment: You're returning in the first iteration of the loop, so it only calculates the factorial of the first element.

Comment: `return [factorial(i) for i in lst]`

Comment: `return list(map(factorial, lst))`

Comment: I tried this code and it is working. Thank you so much.

Answer: You need to append the factorials to a list and return that list.

\begin{code}
def factorial(n):
    if n==0:
        return 1
    else:
        return n*factorial(n-1)

def list_factorial(lst):
    result = []
    for i in lst:
        result.append(factorial(i))
    return result

lst=[1,2,3,4,5]

print(list_factorial(lst))
\end{code}

Answer: You are returning the first factorial of the first number in the list. You need to store the factorials in a list and return that list.

\begin{code}
def factorial(n):
    if n==0:
        return 1
    else:
        return n*factorial(n-1)

def list_factorial(lst):
    factorials = []
    for i in lst:
        factorials.append(factorial(i))
    return factorials

lst=[1,2,3,4,5]

print(list_factorial(lst))
\end{code}

Answer: You can use list comprehension to make it more concise:

\begin"
"Given a positive integer, find out all prime numbers from 1 up to this number.Write a Sample Python code for the given problem"," statement.

Input: 10
Output: [2, 3, 5, 7]

Input: 20
Output: [2, 3, 5, 7, 11, 13, 17, 19]

Answer: \begin{code}
import math

def is_prime(n):
    if n <= 1:
        return False
    if n <= 3:
        return True
    if n % 2 == 0 or n % 3 == 0:
        return False
    i = 5
    while i * i <= n:
        if n % i == 0 or n % (i + 2) == 0:
            return False
        i += 6
    return True

def primes_up_to(n):
    return [i for i in range(2, n + 1) if is_prime(i)]

print(primes_up_to(10))
print(primes_up_to(20))
\end{code}

Prints:

\begin{code}
[2, 3, 5, 7]
[2, 3, 5, 7, 11, 13, 17, 19]
\end{code}

The function `is_prime` uses a [Sieve of Eratosthenes](https://en.wikipedia.org/wiki/Sieve_of_Eratosthenes) algorithm to determine whether a number is prime. The function `primes_up_to` then uses `is_prime` to generate a list of prime numbers up to the specified number.

Answer: You can use the `isprime` function from the `sympy` module:

\begin{code}
from sympy import isprime

def prime_numbers(n):
    return [i for i in range(2, n + 1) if isprime(i)]

print(prime_numbers(10))
print(prime_numbers(20))
\end{code}

Output:

\begin{code}
[2, 3, 5, 7]
[2"
"Given a positive integer, find out the sum of all prime numbers from 1 up to this number.Write a Sample Python code for the given problem",".

Sample Input: 12

Sample Output: 10

Explanation: The prime numbers from 1 up to 12 are 2, 3, 5, 7, 11, and the sum of them is 10.

\begin{code}
def prime_sum(n):
    s = 0
    for i in range(2, n+1):
        if i > 1:
            for j in range(2, i):
                if (i % j) == 0:
                    break
            else:
                s += i
    return s

n = int(input(""Enter a positive integer: ""))
print(prime_sum(n))
\end{code}

Comment: What is the question?

Comment: The question is to find the sum of all prime numbers from 1 up to a given number.

Comment: Your code is not correct. It will not print the sum of prime numbers. It will print the sum of all numbers up to the given number.

Comment: The code is not working. It is not giving the correct output.

Comment: You can use the Sieve of Eratosthenes to find all prime numbers up to a given number, then sum them.

Comment: I have tried to use the Sieve of Eratosthenes. But I am not getting the correct output.

Comment: Please provide enough code so others can better understand or reproduce the problem.

Answer: You can use the Sieve of Eratosthenes to find all prime numbers up to a given number, then sum them.

\begin{code}
def prime_sum(n):
    sieve = [True] * (n + 1)
    sieve[0] = sieve[1] = False
    for i in range(2, int(n ** 0.5) + 1):
        if sieve[i]:
            for j in range(i * i, n + 1, i):
                sieve[j] = False
    return sum(i for i in range(n + 1) if sieve[i])

n = int(input(""Enter a positive integer: ""))
print(prime_sum("
"Given a list of numbers, create another list of co-primes and count how many co-primes are there in this given list.Write a Sample Python code for the given problem"," statement.

I have written the following code:

\begin{code}
def gcd(a, b):
    while b:
        a, b = b, a % b
    return a

def coprime(a, b):
    return gcd(a, b) == 1

def count_coprimes(numbers):
    count = 0
    for i in range(len(numbers)):
        for j in range(i + 1, len(numbers)):
            if coprime(numbers[i], numbers[j]):
                count += 1
    return count

numbers = [1, 2, 3, 4, 5, 6, 7, 8, 9, 10]
print(count_coprimes(numbers))
\end{code}

The code works fine for small lists but for larger lists, it takes a lot of time to execute.

I need help in optimizing the code.

Comment: Please provide a [mre] and clarify what you mean by ""optimize"".

Comment: You're trying to find the number of pairs of numbers in a list that are coprime. This is a [well-studied problem](https://en.wikipedia.org/wiki/Co-prime_numbers#Counting_coprime_pairs).

Comment: You can use a sieve to calculate the prime factors of each number in the list, then use those to calculate the gcd of each pair of numbers.

Comment: I have added the code.

Comment: @Barmar I have added the code.

Comment: @MisterMiyagi I have added the code.

Comment: You should use the fact that if a number is coprime with another number, it is also coprime with all multiples of that number.

Comment: @Barmar I didn't understand what you are trying to say. Can you please explain in detail?

Comment: If 2 and 3 are coprime, then 2 and 6 are also coprime.

Comment: @Barmar I understand that but I don't understand how to implement it in the code.

Comment: @Barmar I have added the code"
"Given a list of integers, find out how many times each number occurs in this list and find their mode.Write a Sample Python code for the given problem"," statement.

\begin{code}
def mode(list):
    dict = {}
    for i in list:
        if i in dict:
            dict[i] += 1
        else:
            dict[i] = 1
    max_count = max(dict.values())
    modes = [k for k, v in dict.items() if v == max_count]
    return modes

if __name__ == ""__main__"":
    list = [1, 2, 3, 4, 5, 6, 7, 8, 9, 10, 1, 2, 3, 4, 5, 6, 7, 8, 9, 10, 1, 2, 3, 4, 5, 6, 7, 8, 9, 10]
    print(mode(list))
\end{code}

Comment: What is your question?

Comment: The question is not clear. Please elaborate.

Comment: You can use `Counter` from `collections` module.

Comment: I have a list of integers and I need to find out how many times each number occurs in this list and find their mode.

Answer: You can use `Counter` from `collections` module.

\begin{code}
from collections import Counter

def mode(lst):
    counter = Counter(lst)
    return counter.most_common(1)

if __name__ == ""__main__"":
    lst = [1, 2, 3, 4, 5, 6, 7, 8, 9, 10, 1, 2, 3, 4, 5, 6, 7, 8, 9, 10, 1, 2, 3, 4, 5, 6, 7, 8, 9, 10]
    print(mode(lst))
\end{code}

\begin{code}
[(1, 5)]
\end{code}

Answer: \begin{code}
from collections import Counter

def mode(lst):
    counter = Counter"
"Given two matrices of the same dimensions, find their sum.Write a Sample Python code for the given problem",".

Sample Input 1:

Matrix1:

1 2 3

4 5 6

7 8 9

Matrix2:

9 8 7

6 5 4

3 2 1

Sample Output 1:

10 10 10

10 10 10

10 10 10

Sample Input 2:

Matrix1:

1 2 3

4 5 6

7 8 9

Matrix2:

9 8 7

6 5 4

3 2 1

Sample Output 2:

10 10 10

10 10 10

10 10 10

Explanation:

In the given problem, we have to find the sum of two matrices. We have to add the elements of the first matrix with the elements of the second matrix and print the result.

'''

#program to find the sum of two matrices.

#input
matrix1 = []
print(""Enter the elements of the first matrix:"")
for i in range(3):
    row = list(map(int, input().split()))
    matrix1.append(row)

matrix2 = []
print(""Enter the elements of the second matrix:"")
for i in range(3):
    row = list(map(int, input().split()))
    matrix2.append(row)

#finding the sum
result = [[matrix1[i][j] + matrix2[i][j] for j in range(len(matrix1[0]))] for i in range(len(matrix1))]

#output
print(""The sum of the two matrices is:"")
for row in result:
    print(row)



'''

Time Complexity: O(n^2)

Space Complexity: O(n^2)

where n is the number of rows or columns of the matrix

'''


































"
"Print the chessboard pattern, with white squares denoted by W and black squares by B.Write a Sample Python code for the given problem"," statement.

#Sample Output:

#WBWBWBWB
#BWBWBWBW
#WBWBWBWB
#BWBWBWBW
#WBWBWBWB
#BWBWBWBW
#WBWBWBWB
#BWBWBWBW

print(""WB""*4)
print(""BW""*4)
print(""WB""*4)
print(""BW""*4)
print(""WB""*4)
print(""BW""*4)
print(""WB""*4)
print(""BW""*4)

#Reference: w3resource"
"Given a list of integers, sort it in ascending order and find the median.Write a Sample Python code for the given problem"," statement.

\begin{code}
# Python program to find median of a list

# Function to calculate median
def findMedian(arr):

    # Sort the list
    arr.sort()

    # Get the middle element
    n = len(arr)
    if n % 2 == 0:
        median1 = arr[n//2]
        median2 = arr[n//2 - 1]
        median = (median1 + median2)/2
    else:
        median = arr[n//2]

    return median

# Driver code
arr = [5, 15, 1, 3]

# Function call
print(""The median is :"", findMedian(arr))
\end{code}

Comment: What's your question?

Comment: I am not able to understand the code.

Comment: Which part of the code are you having trouble with?

Comment: arr.sort()

    # Get the middle element
    n = len(arr)
    if n % 2 == 0:
        median1 = arr[n//2]
        median2 = arr[n//2 - 1]
        median = (median1 + median2)/2
    else:
        median = arr[n//2]

    return median

Comment: Please clarify your specific problem or provide additional details to highlight exactly what you need. As it's currently written, it's hard to tell exactly what you're asking.

Answer: \begin{code}
# Python program to find median of a list

# Function to calculate median
def findMedian(arr):

    # Sort the list
    arr.sort()

    # Get the middle element
    n = len(arr)
    if n % 2 == 0:
        median1 = arr[n//2]
        median2 = arr[n//2 - 1]
        median = (median1 + median2)/2
    else:
        median = arr[n//2]

    return median

# Driver code
arr = [5, 15, 1, 3]

# Function call
print(""The median is :"","
"Convert these two lists into a dictionary. Take the keys from the first list, and values from the second one.
keys = [‘Ten’, ‘Twenty’, ‘Thirty’]
values = [10, 20, 30]Write a Sample Python code for the given problem",":






























































































































































































































































































































































































































































































































"
"Merge these two dictionaries into one using for loop
dict1 = {‘Ten’: 10, ‘Twenty’: 20, ‘Thirty’: 30}
dict2 = {‘Thirty’: 30, ‘Fourty’: 40, ‘Fifty’: 50}Write a Sample Python code for the given problem"," statement:

dict1 = {‘Ten’: 10, ‘Twenty’: 20, ‘Thirty’: 30}
dict2 = {‘Thirty’: 30, ‘Fourty’: 40, ‘Fifty’: 50}
dict3 = {}
for key, value in dict1.items():
    dict3[key] = value
for key, value in dict2.items():
    dict3[key] = value
print(dict3)







































































































































































































































































































































































































"
"Check if a key exists in a dictionary:
sample_dict = {‘a’: 100, ‘b’: 200, ‘c’: 300}
key_needed = ‘d’Write a Sample Python code for the given problem"," statement:


def is_key_present(key_needed, sample_dict):
    if key_needed in sample_dict.keys():
        return True
    else:
        return False


print(is_key_present(key_needed, sample_dict))


# 14. Find the sum of all the values in a dictionary:
sample_dict = {‘a’: 100, ‘b’: 200, ‘c’: 300}
sum = 0
for i in sample_dict.values():
    sum += i
print(sum)


# 15. Find the minimum value in a dictionary:
sample_dict = {‘a’: 100, ‘b’: 200, ‘c’: 300}
min(sample_dict.values())


# 16. Find the maximum value in a dictionary:
sample_dict = {‘a’: 100, ‘b’: 200, ‘c’: 300}
max(sample_dict.values())


# 17. Sort a dictionary based on keys:
sample_dict = {‘a’: 100, ‘b’: 200, ‘c’: 300}
sorted_keys = sorted(sample_dict)
for i in sorted_keys:
    print(i, sample_dict[i])


# 18. Sort a dictionary based on values:
sample_dict = {‘a’: 100, ‘b’: 200, ‘c’: 300}
sorted_values = sorted(sample_dict.values())
for i in sorted_values:
    for j in sample_dict.keys():
        if sample_dict[j] == i:
            print(j, i)


# 19. Dictionary and counter in Python:
from collections import Counter

sample_dict = {‘a’: 100, ‘b’: 200, ‘c’: 300}
sample_counter = Counter(sample_dict)
print(sample_counter)"
"Check if a value exists in a dictionary:
sample_dict = {‘a’: 100, ‘b’: 200, ‘c’: 300}
value_needed = 200Write a Sample Python code for the given problem"," statement:


def check_value_exist(value_needed, sample_dict):
    for value in sample_dict.values():
        if value == value_needed:
            return ""Value Exist""
    return ""Value Does not Exist""


print(check_value_exist(200, sample_dict))
print(check_value_exist(400, sample_dict))



# 2. Get the maximum and minimum values from a dictionary:
sample_dict = {‘a’: 100, ‘b’: 200, ‘c’: 300}
Write a Sample Python code for the given problem statement:


def get_min_max_values(sample_dict):
    values = sample_dict.values()
    return min(values), max(values)


print(get_min_max_values(sample_dict))



# 3. Calculate the sum of all dictionary values:
sample_dict = {‘a’: 100, ‘b’: 200, ‘c’: 300}
Write a Sample Python code for the given problem statement:


def sum_of_values(sample_dict):
    return sum(sample_dict.values())


print(sum_of_values(sample_dict))



# 4. Multiply all the values in a dictionary:
sample_dict = {‘a’: 100, ‘b’: 200, ‘c’: 300}
Write a Sample Python code for the given problem statement:


def multiply_values(sample_dict):
    result = 1
    for value in sample_dict.values():
        result *= value
    return result


print(multiply_values(sample_dict))



# 5. Remove a key-value pair from a dictionary:
sample_dict = {‘a’: 100, ‘b’: 200, ‘c’: 300}
Write a Sample Python code for the given problem statement:


def remove_key_value(sample_dict, key):
   "
"Create a new dictionary so that it only has the keys mentioned in another list
sample_dict = { “name”: “Kelly”, “age”: 25, “salary”: 8000, “city”: “New york”}
# Keys to extract
keys = [“name”, “salary”]Write a Sample Python code for the given problem",":

# Function to create a new dictionary with given keys
def extract_dict(keys, sample_dict):
    new_dict = {}
    for i in keys:
        for j in sample_dict:
            if i == j:
                new_dict[j] = sample_dict[j]
    return new_dict

keys = [""name"", ""salary""]
sample_dict = {""name"": ""Kelly"", ""age"": 25, ""salary"": 8000, ""city"": ""New york""}
print(extract_dict(keys, sample_dict))

# 2. Print all the keys of a dictionary in sorted order
sample_dict = { “name”: “Kelly”, “age”: 25, “salary”: 8000, “city”: “New york”}
# Function to print all the keys in sorted order
def print_sorted_keys(sample_dict):
    for key in sorted(sample_dict.keys()):
        print(key)

sample_dict = {""name"": ""Kelly"", ""age"": 25, ""salary"": 8000, ""city"": ""New york""}
print_sorted_keys(sample_dict)

# 3. Count the number of items in a dictionary value that is a list
sample_dict = { “a”: 100, “b”: [1, 2, 3], “c”: “hello”, “d”: [1, 2, 3, 4, 5], “e”: {} }
# Function to count the number of items in a dictionary value that is a list
def count_items(sample_dict):
    count = 0
    for i in sample_dict.values():
        if type(i) == list:
            count += len(i)
    return count

sample_dict = {""a"": 100, ""b"": [1, 2, 3], ""c"": ""hello"", ""d"": [1, 2, 3, 4, 5], ""e"": {}}
print(count_items(sample_dict))

# 4. Sort a list of dictionaries by"
"Remove a key from a dictionary:
dict_name.pop(key_name)Write a Sample Python code for the given problem",":

Write a function to find the largest element in a list of integers.

Sample Input:

[2, 8, 7, 1, 3, 5, 6, 4]

Sample Output:

8

""""""

def find_max(numbers):
    return max(numbers)

run_unit_tests(tests_find_max)





































































































































































































































































































































































































































"
"What does this function return?
Use pop to rename a key.Write a Sample Python code for the given problem"," statement:

# A dictionary with integer keys
# and string values
d = {1: 'apple', 2: 'banana', 3: 'kiwi', 4: 'mango'}

# renaming a key
d[5] = d.pop(3)

print(d)

# Output: {1: 'apple', 2: 'banana', 4: 'mango', 5: 'kiwi'}

# We use the pop method to remove the key-value pair with key 3 and store it in the new key-value pair with key 5.

# 10.
# Write a Python program to find the highest 3 values in a dictionary.

# Sample Dictionary : {1: 10, 2: 20, 3: 30, 4: 40, 5: 50, 6: 60} Expected Result : [60, 50, 40]

# Output:

# [60, 50, 40]

# We use the sorted function to sort the dictionary in descending order and then use list slicing to get the first three elements.

# 11.
# Write a Python program to combine two dictionary adding values for common keys.

# d1 = {'a': 100, 'b': 200, 'c':300} d2 = {'a': 300, 'b': 200, 'd':400} Expected Output: {'a': 400, 'b': 400, 'c': 300, 'd': 400}

# Output:

# {'a': 400, 'b': 400, 'c': 300, 'd': 400}

# We use the get method to get the value of a key. If the key is not found, we return 0. We then add the values and create a new key-value pair in the resultant dictionary.

# 12.
# Write a Python program to print all unique values in a dictionary.

# Sample Data : [{""V"":""S001""},"
"Create a dictionary to store the total marks of 5 students in the class in 3 subjects (Course1, Course2, Course3). The keys must be the student names, and the values must be the list of marks. Create another list which has the course names in the same order as the marks are stored in the dictionary values. Now write a nested for loop to print the marks for each student exam wise.Write a Sample Python code for the given problem",".

\begin{code}
students = {
    ""Student1"": [20, 30, 40],
    ""Student2"": [25, 35, 45],
    ""Student3"": [30, 40, 50],
    ""Student4"": [35, 45, 55],
    ""Student5"": [40, 50, 60]
}

courses = [""Course1"", ""Course2"", ""Course3""]

for student, marks in students.items():
    print(f""Marks of {student}:"")
    for course, mark in zip(courses, marks):
        print(f""{course}: {mark}"")
\end{code}

Comment: You need to explain what you are trying to do, what you have tried, and what specific problem you are having.

Comment: Welcome to Stack Overflow. Please read [ask] and https://meta.stackoverflow.com/questions/284236. You are expected to make an attempt to solve the problem yourself first, and then ask a *specific* question about your solution (like, ""I tried to write a loop, but it doesn't work, and I can't figure out why"").

Answer: \begin{code}
students = {
    ""Student1"": [20, 30, 40],
    ""Student2"": [25, 35, 45],
    ""Student3"": [30, 40, 50],
    ""Student4"": [35, 45, 55],
    ""Student5"": [40, 50, 60]
}

courses = [""Course1"", ""Course2"", ""Course3""]

for student, marks in students.items():
    print(f""Marks of {student}:"")
    for course, mark in zip(courses, marks):
        print(f""{course}: {mark}"")
\end{code}

Comment: Your answer could be improved with additional supporting information. Please [edit] to add further details, such as citations or documentation, so that others can confirm that your"
"Write a for loop to create another dictionary from the above where the marks are replaced by grades. Above 80 is A grade, 60–80 is B grade, 40–60 is C grade, and below 40 is F. Create another dictionary to store the max and average marks for each student. Use this dictionary to compute the final CPI/CGPA of the student. Course1 is of 4 credits, Course2 of 10 credits, and Course3 of 6 credits. Store these credits in a list. Write this dictionary as a json file, and read it back into a new dictionary.Write a Sample Python code for the given problem",".

\begin{code}
import json

student_marks = {
    'Student1': {
        'Course1': 80,
        'Course2': 90,
        'Course3': 70
    },
    'Student2': {
        'Course1': 60,
        'Course2': 50,
        'Course3': 40
    }
}

for student, marks in student_marks.items():
    for course, mark in marks.items():
        if mark >= 80:
            marks[course] = 'A'
        elif mark >= 60:
            marks[course] = 'B'
        elif mark >= 40:
            marks[course] = 'C'
        else:
            marks[course] = 'F'

student_max_avg = {}
for student, marks in student_marks.items():
    max_mark = max(marks.values())
    avg_mark = sum(marks.values()) / len(marks)
    student_max_avg[student] = {
        'max': max_mark,
        'avg': avg_mark
    }

student_cpi = {}
credits = [4, 10, 6]
for student, marks in student_marks.items():
    cpi = 0
    for course, mark in marks.items():
        if mark == 'A':
            cpi += 10 * credits[course]
        elif mark == 'B':
            cpi += 8 * credits[course]
        elif mark == 'C':
            cpi += 6 * credits[course]
        else:
            cpi += 0
    cpi /= sum(credits)
    student_cpi[student] = cpi

with open('student_marks.json', 'w') as f:
    json.dump(student_marks, f)

with open('student_marks.json', 'r') as f:
    student_marks_json = json.load(f)

print(student_marks_json)
\end{code}"
"Create a dictionary of your marks in various subjects and then sort it by its values first in descending order, and then in or ascending order. Do not use any inbuilt sorting functions.Write a Sample Python code for the given problem",".

Sample Input:

\begin{code}
marks = {'Science': 80, 'Maths': 90, 'English': 70, 'Social': 80}
\end{code}

Sample Output:

\begin{code}
{'Maths': 90, 'Science': 80, 'Social': 80, 'English': 70}
\end{code}

I have tried this code but it's not working.

\begin{code}
marks = {'Science': 80, 'Maths': 90, 'English': 70, 'Social': 80}

marks_sorted = {}

for key, value in marks.items():
    marks_sorted[value] = key

print(marks_sorted)
\end{code}

Answer: You can use the `sorted` function with a custom key:

\begin{code}
>>> sorted(marks.items(), key=lambda x: x[1], reverse=True)
[('Maths', 90), ('Science', 80), ('Social', 80), ('English', 70)]
\end{code}

This will sort the items by the value in descending order.

If you want to sort in ascending order, just remove the `reverse=True` parameter.

If you want to sort by both value and key, you can use a tuple as the key:

\begin{code}
>>> sorted(marks.items(), key=lambda x: (x[1], x[0]), reverse=True)
[('Maths', 90), ('Science', 80), ('Social', 80), ('English', 70)]
\end{code}

If you want to sort by both value and key, but in different orders, you can use a tuple with negative values:

\begin{code}
>>> sorted(marks.items(), key=lambda x: (-x[1], x[0]), reverse=True)
[('Maths', 90), ('Science', 80), ('Social', 80), ('English', 70)]
"
"Write a python function that takes a string as input, and returns the string in reverse order (without using string splicing).Write a Sample Python code for the given problem"," statement.


def reverse_string(string):
    reversed_string = """"
    for i in range(len(string) - 1, -1, -1):
        reversed_string += string[i]
    return reversed_string


string = input(""Enter a string: "")
print(""Reversed string:"", reverse_string(string))


# Question 2:
# Write a python function that takes a string as input, and calculates the number of upper case letters and lower case letters.


def calculate_number_of_uppercase_and_lowercase_letters(string):
    upper_count = 0
    lower_count = 0
    for char in string:
        if char.isupper():
            upper_count += 1
        elif char.islower():
            lower_count += 1
        else:
            pass
    print(""Upper case letters count:"", upper_count)
    print(""Lower case letters count:"", lower_count)


string = input(""Enter a string: "")
calculate_number_of_uppercase_and_lowercase_letters(string)


# Question 3:
# Write a python function that takes a list of words, and returns the length of the longest one.


def find_longest_word(word_list):
    longest_word = word_list[0]
    for word in word_list:
        if len(word) > len(longest_word):
            longest_word = word
    return len(longest_word)


word_list = input(""Enter words separated by space: "").split()
print(""Length of the longest word:"", find_longest_word(word_list))


# Question 4:
# Write a python function that takes a list of words, and returns the word that appears most frequently.


def find_most_frequent_word(word_list):
    word_frequency = {}
    for word in word_list:
        if word not in word_frequency:
            word_frequency[word] = 1
        else:
            word_frequency[word] += 1
    most_"
"Write a python function that takes a string as input, and returns the number of vowels in it.Write a Sample Python code for the given problem",".


# In[1]:


def count_vowels(string):
    vowels = ""aeiou""
    count = 0
    for char in string:
        if char in vowels:
            count += 1
    return count


# In[2]:


count_vowels(""hello"")


# In[3]:


count_vowels(""hi there, my name is vinod"")


# In[ ]:





# In[ ]:





# In[ ]:





# In[ ]:





# In[ ]:





# In[ ]:





# In[ ]:





# In[ ]:





# In[ ]:





# In[ ]:





# In[ ]:





# In[ ]:





# In[ ]:





# In[ ]:





# In[ ]:





# In[ ]:





# In[ ]:





# In[ ]:





# In[ ]:





# In[ ]:





# In[ ]:





# In[ ]:





# In[ ]:





# In[ ]:





# In[ ]:





# In[ ]:





# In[ ]:





# In[ ]:





# In[ ]:





# In[ ]:





# In[ ]:





# In[ ]:





# In[ ]:





# In[ ]:





# In[ ]:





# In[ ]:





# In[ ]"
"Write a python function that takes a string as input, and returns the number of words in it. Use space as a separator for words.Write a Sample Python code for the given problem"," statement.

\begin{code}
def word_count(str):
    count = 1
    for i in range(len(str)):
        if str[i] == "" "":
            count += 1
    return count

string = input(""Enter a string: "")
print(""Number of words in the string: "", word_count(string))
\end{code}

Comment: Your code is correct. What's the problem?

Comment: I'm voting to close this question as off-topic because it is not a question.

Comment: @RahulKP: it's not correct, because it will count the number of spaces, not the number of words.

Comment: @RahulKP it's not correct, because it counts spaces, not words.

Comment: @ThierryLathuille: You are right. I didn't notice that.

Answer: You can use `split` to split the string into words, and then get the length of the resulting list:

\begin{code}
def word_count(s):
    return len(s.split())
\end{code}

Comment: `split` will remove all spaces, so this will count words separated by multiple spaces as one word.

Comment: @Barmar: You are right. I didn't notice that.

Answer: You can use `str.split` to split the string into words, and then count the words:

\begin{code}
def word_count(s):
    return len(s.split())
\end{code}

Answer: Your code counts the number of spaces, not the number of words.

You can use `str.split()` to split the string into words, and then count the words.

\begin{code}
def word_count(str):
    return len(str.split())
\end{code}

Comment: `split` will remove all spaces, so this will count words separated by multiple spaces as one word.

Comment: @Barmar: You are right. I didn't notice that.

Answer: You can use `str.split()` to split the string into words, and then count the words:

\begin{code}
"
"Write a python function that takes a string as input, and returns the string with the first letter of each word capitalised.Write a Sample Python code for the given problem",".


def cap_first_letter(s):
    words = s.split()
    capitalized = []
    for word in words:
        capitalized.append(word[0].upper() + word[1:])
    return ' '.join(capitalized)


print(cap_first_letter(""hello world""))
print(cap_first_letter(""i love python""))

# Output:
# Hello World
# I Love Python

# Requirements:

# The function should take a string as input.
# The function should return a string with the first letter of each word capitalised.
# The function should handle multiple words.
# The function should handle lowercase and uppercase inputs.

# Sample Input:

# ""hello world""
# ""i love python""

# Sample Output:

# ""Hello World""
# ""I Love Python""

# Hints:

# You can use the split() function to split a string into a list of words.
# You can access the first letter of a string using s[0].
# You can concatenate two strings using +.
# You can convert a single letter to uppercase using s.upper().
# You can convert a single letter to lowercase using s.lower().
# You can join a list of strings into a single string using ' '.join(list).

# Test Case:

# Test Input:

# test_input_string1 = ""hello world""
# test_input_string2 = ""i love python""

# Expected Output:

# ""Hello World""
# ""I Love Python""

# Test Case:

# Test Input:

# test_input_string3 = ""Have a Nice Day""

# Expected Output:

# ""Have A Nice Day""


# test_input_string1 = ""hello world""
# test_input_string2 = ""i love python""
# test_input_string3 = ""Have a Nice Day""

# if __name__ == '__main__':
#     print(""Example Test Case:"")
#     print(cap_first_letter(test_input_string1))
#     print(cap_first_letter(test_"
"Write a python function that takes a string as input, and returns the length of the longest word in it. Use space as a separator for words.Write a Sample Python code for the given problem"," statement.

Example 1:

Input:

""This is a sample string""

Output:

6

Explanation:

The longest word in the string is ""sample"" with length 6.

Example 2:

Input:

""We are from the planet Earth""

Output:

7

Explanation:

The longest word in the string is ""planet"" with length 7.

Example 3:

Input:

""Hello World""

Output:

5

Explanation:

Both the words ""Hello"" and ""World"" have the same length of 5, but ""Hello"" comes first.

Example 4:

Input:

""May the force be with you""

Output:

6

Explanation:

The longest word in the string is ""force"" with length 6.

Example 5:

Input:

""Google do a barrel roll""

Output:

7

Explanation:

The longest word in the string is ""barrel"" with length 7.

""""""

# Input
sentence = input(""Enter a sentence: "")

# Split the sentence into words
words = sentence.split("" "")

# Initialize the maximum length variable
max_length = 0

# Iterate through each word
for word in words:
    # Check if the current word is the longest
    if len(word) > max_length:
        max_length = len(word)

# Print the length of the longest word
print(""The length of the longest word is:"", max_length)
































































































































"
"Write a python function that takes a string as input, and returns if its a valid email address.Write a Sample Python code for the given problem"," using the following specifications:

Input Format:

A string representing the email address

Output Format:

A string 'valid' if the email address is valid, and 'invalid' if it is not.

Example:

Input:

naggarwal@gmail.com

Output:

valid

Explanation:

The email address meets all the above-mentioned criteria, and is therefore valid.

'''

#Email Validation

def email_validation(email):
    if len(email) > 0 and email.count('@') == 1 and email[-1] != '@' and email[0] != '@':
        if email.find('@') > 0 and email.find('.') > 0 and email.find('.') < len(email)-1 and email.find('.') > email.find('@'):
            if email.find('@') < email.find('.'):
                return 'valid'
    return 'invalid'

#Code by hackerrank
"
"Write a python function that takes a string as input, and returns if its a valid mobile number in India.Write a Sample Python code for the given problem",".

# Input Format: A string
# Output Format: A boolean value
# Sample Input: 9975032365
# Sample Output: True
# Sample Input: 919975032365
# Sample Output: False

def mobile_check(number):
    if len(number) == 10 and number.isdigit():
        return True
    else:
        return False


number = input()
print(mobile_check(number))
"
Implement a simple encryption algorithm that can encrypt and decrypt strings.Write a Sample Python code for the given problem,".

Sample Output:

Enter a string to encrypt:test
The encrypted string is:datascience
Enter the encrypted string to decrypt:datascience
The decrypted string is:test

Hints:
Use Python dictionaries to store the corresponding encrypted and decrypted characters.
Use the ord() function to get the ASCII value of a character and the chr() function to get the character corresponding to an ASCII value.

""""""

#Sample Solution-1:

def encrypt(s):
    encryption_key = {'a':'m', 'b':'h', 'c':'t', 'd':'f', 'e':'g', 'f':'k', 'g':'b', 'h':'p', 'i':'j', 'j':'w', 'k':'e', 'l':'r', 'm':'q', 'n':'s', 'o':'l', 'p':'n', 'q':'i', 'r':'u', 's':'o', 't':'x', 'u':'z', 'v':'y', 'w':'v', 'x':'d', 'y':'c', 'z':'a', ' ':' '}
    encrypted_string = ''
    for char in s:
        if char in encryption_key.keys():
            encrypted_string += encryption_key[char]
        else:
            encrypted_string += char
    return encrypted_string

def decrypt(s):
    decryption_key = {'m':'a', 'h':'b', 't':'c', 'f':'d', 'g':'e', 'k':'f', 'b':'g', 'p':'h', 'j':'i', 'w':'j', 'e':'k', 'r':'l', 'q':'m', 's':'n', 'l':'o', 'n':'p', 'i':'q', 'u':'r', 'o':'s', 'x':'t', 'z':'u', 'y':'v', 'v':'w', 'd':'x', 'c':'y', 'a':'z', ' ':' '}
    decrypted_string = ''
    for char in s:
        if char in decryption_key.keys():
            decrypted_string += decryption_key[char]
        else:
            decrypted_string += char
    return dec"
"Write a python function that takes in a string and checks if its a palindrome (without using string splicing, case sensitive and ignoring spaces).Write a Sample Python code for the given problem"," statement.

Example:

Input: ""A man a plan a canal Panama""

Output: True

Input: ""I am not a palindrome""

Output: False

This is my code:

\begin{code}
def is_palindrome(s):
    s = s.lower()
    for char in s:
        if char.isalnum():
            s = s.replace(char, """")
    if s == s[::-1]:
        return True
    else:
        return False

print(is_palindrome(""A man a plan a canal Panama""))
print(is_palindrome(""I am not a palindrome""))
\end{code}

The first print statement returns True, but the second one returns False. I'm not sure why.

Comment: You're modifying `s` in the loop, so it's not the same string as when you compare it to the reversed string.

Comment: You're removing all the non-alphanumeric characters from `s`, but not from `s[::-1]`.

Comment: You should use a separate variable to hold the modified string.

Comment: You don't need a loop to remove the non-alphanumeric characters. Just use `s = ''.join(char for char in s if char.isalnum())`

Comment: You can also use `s = ''.join(filter(str.isalnum, s))`

Comment: Thank you for the help! I'm still new to Python and I'm trying to learn more about it.

Answer: You are modifying `s` in the loop, so it's not the same string as when you compare it to the reversed string.

You should use a separate variable to hold the modified string.

You don't need a loop to remove the non-alphanumeric characters. Just use a generator expression to filter them out.

\begin{code}
def is_palindrome(s):
    s = ''.join(char for char in s.lower() if char.isalnum())
    return s == s[::-1]
\end{code}

Answer: You can use `filter` to remove non"
"Write a python function that takes in a paragraph as input, and returns a list of sentences. Use full-stop, exclamation and question mark as the three allowed delimiters between sentences.Write a Sample Python code for the given problem"," statement.

# In[ ]:


def paragraph_to_sentences(paragraph):
    paragraph = paragraph.split(""."")
    paragraph = [sentence.replace(""?"", ""."") for sentence in paragraph]
    paragraph = [sentence.replace(""!"", ""."") for sentence in paragraph]
    sentences = [sentence.strip() for sentence in paragraph]
    return sentences


# In[ ]:


paragraph = ""We are the music makers; And we are the dreamers of dreams, Wandering by lone seas and desert streams; World-losers and time-forgetters; Telling lies through songs, Not knowing that one greater than ourselves Holds the mirror up to show us ourselves.""
print(paragraph_to_sentences(paragraph))


# In[ ]:





# In[ ]:





# In[ ]:





# In[ ]:





# In[ ]:





# In[ ]:





# In[ ]:





# In[ ]:





# In[ ]:





# In[ ]:





# In[ ]:





# In[ ]:





# In[ ]:





# In[ ]:





# In[ ]:





# In[ ]:





# In[ ]:





# In[ ]:





# In[ ]:





# In[ ]:





# In[ ]:





# In[ ]:





# In[ ]:





# In[ ]:





# In[ ]:





# In[ ]:





# In[ ]:





# In[ ]:





# In[ ]:





# In[ ]:





# In"