questions,answers,,Statistics : 2 - Partially Correct 58-Fully Correct
"Given an integer, check if it is even or odd.","Here is a simple Python function that checks if an integer is even or odd:
```
def is_even(n):
    if n % 2 == 0:
        return ""Even""
    else:
        return ""Odd""
```
Here's an explanation of how it works:

* The `%` operator is the modulo operator, which returns the remainder of the division of `n` by 2.
* If `n` is even, the remainder of dividing it by 2 is 0, so `n % 2 == 0` is `True`.
* If `n` is odd, the remainder of dividing it by 2 is 1, so `n % 2 == 0` is `False`.
* The `if` statement checks the result of the modulo operation and returns ""Even"" if it's true, or ""Odd"" if it's false.

Here are some sample inputs and outputs:
```
print(is_even(4))  # Output: Even
print(is_even(3))  # Output: Odd
print(is_even(10))  # Output: Even
print(is_even(11))  # Output: Odd
```
You can also use a more concise version of the function using a ternary operator:
```
def is_even(n):
    return ""Even"" if n % 2 == 0 else ""Odd""
```
This does the same thing as the previous implementation, but in a single line of code.",,
"Given two integers, find the larger one.","A simple yet classic problem!

Here's the solution:

**Problem:** Given two integers, find the larger one.

**Sample Python Code:**
```
def find_larger(a, b):
    if a > b:
        return a
    else:
        return b

# Test the function
a = 5
b = 10
print(find_larger(a, b))  # Output: 10

a = 20
b = 15
print(find_larger(a, b))  # Output: 20
```
Alternatively, you can use the built-in `max` function in Python, which is even simpler:
```
def find_larger(a, b):
    return max(a, b)

# Test the function
a = 5
b = 10
print(find_larger(a, b))  # Output: 10

a = 20
b = 15
print(find_larger(a, b))  # Output: 20
```
In this case, the `max` function takes two arguments and returns the larger one.",,
"Given a temperature in Celsius, convert it to Fahrenheit using the formula F = (C * 1.8) + 32. If the temperature is above 90°F, print “It’s hot outside!” otherwise, print “The temperature is pleasant”.","Here is the Python code that does what you described:
```
def celsius_to_fahrenheit(celsius):
    fahrenheit = (celsius * 1.8) + 32
    if fahrenheit > 90:
        print(""It's hot outside!"")
    else:
        print(""The temperature is pleasant"")
    return fahrenheit

# Test the function
celsius = float(input(""Enter a temperature in Celsius: ""))
fahrenheit = celsius_to_fahrenheit(celsius)
print(f""{celsius}°C is equal to {fahrenheit}°F"")
```
Here's how the code works:

1. The function `celsius_to_fahrenheit` takes a Celsius temperature as input and converts it to Fahrenheit using the formula.
2. It then checks if the resulting Fahrenheit temperature is above 90°F. If it is, it prints ""It's hot outside!"". Otherwise, it prints ""The temperature is pleasant"".
3. The function returns the Fahrenheit temperature.
4. In the main code, we prompt the user to enter a temperature in Celsius, convert it to Fahrenheit using the function, and print the result.

Example output:
```
Enter a temperature in Celsius: 32
The temperature is pleasant
32.0°C is equal to 89.6°F

Enter a temperature in Celsius: 40
It's hot outside!
40.0°C is equal to 104.0°F
```
Note: I used `float` to convert the user input to a floating-point number, since temperatures can have decimal points.",,
"Given a year, check if it is a leap year or not. A leap year is divisible by 4, except for years that are divisible by 100. However, years that are divisible by 400 are also leap years.","Here is a Python function that checks if a year is a leap year or not:
```
def is_leap_year(year):
    if year % 4 == 0:
        if year % 100 == 0:
            if year % 400 == 0:
                return True
            else:
                return False
        else:
            return True
    else:
        return False
```
Here's an explanation of the logic:

1. If the year is divisible by 4, it's a potential leap year.
2. If the year is also divisible by 100, it's not a leap year unless...
3. ...it's also divisible by 400, in which case it is a leap year.

Here are some sample inputs and outputs:
```
print(is_leap_year(2020))  # True
print(is_leap_year(2019))  # False
print(is_leap_year(2000))  # True
print(is_leap_year(1900))  # False
```
You can also use a more concise version of the function using the `and` and `or` operators:
```
def is_leap_year(year):
    return year % 4 == 0 and (year % 100 != 0 or year % 400 == 0)
```
This function is equivalent to the previous one, but is a bit more compact.",,
"Given two numbers, a and b, find the value of a/b (b may be zero).","Here is a Python code snippet that handles division of two numbers, including the case where the divisor (b) is zero:
```
def divide(a, b):
    if b == 0:
        return ""Error: Division by zero is not allowed""
    else:
        return a / b

# Test cases
print(divide(10, 2))  # Output: 5.0
print(divide(10, 0))  # Output: Error: Division by zero is not allowed
print(divide(20, 4))  # Output: 5.0
```
In this code, we define a function `divide` that takes two arguments `a` and `b`. We check if `b` is zero, and if so, return an error message. If `b` is non-zero, we perform the division and return the result.

Note that in Python, division by zero raises a `ZeroDivisionError` exception. We can also use a `try`-`except` block to catch this exception and return a custom error message:
```
def divide(a, b):
    try:
        return a / b
    except ZeroDivisionError:
        return ""Error: Division by zero is not allowed""
```
This code is equivalent to the previous implementation, but uses the `try`-`except` block to catch the `ZeroDivisionError` exception raised by Python when dividing by zero.",,
"Given a point (x1, y1), find the quadrant in which this point lies.","Here's a Python function that determines the quadrant of a point (x1, y1):

```
def find_quadrant(x1, y1):
    if x1 > 0 and y1 > 0:
        return ""First Quadrant""
    elif x1 < 0 and y1 > 0:
        return ""Second Quadrant""
    elif x1 < 0 and y1 < 0:
        return ""Third Quadrant""
    elif x1 > 0 and y1 < 0:
        return ""Fourth Quadrant""
    elif x1 == 0 and y1 > 0:
        return ""On the positive Y-axis""
    elif x1 == 0 and y1 < 0:
        return ""On the negative Y-axis""
    elif x1 > 0 and y1 == 0:
        return ""On the positive X-axis""
    else:
        return ""Origin""

# Test the function
print(find_quadrant(1, 2))  # Output: First Quadrant
print(find_quadrant(-1, 2))  # Output: Second Quadrant
print(find_quadrant(-1, -2))  # Output: Third Quadrant
print(find_quadrant(1, -2))  # Output: Fourth Quadrant
print(find_quadrant(0, 2))  # Output: On the positive Y-axis
print(find_quadrant(0, -2))  # Output: On the negative Y-axis
print(find_quadrant(2, 0))  # Output: On the positive X-axis
print(find_quadrant(0, 0))  # Output: Origin
```

This function checks the signs of x1 and y1 to determine the quadrant. If both are positive, it's the first quadrant. If x1 is negative and y1 is positive, it's the second quadrant, and so on. If one of the coordinates is zero, it's on an axis. If both are zero, it's the origin.",,
"Given two points (x1, y1) and (x2, y2), find the slope and intercept of the line joining these two points (the line may be perfectly horizontal or vertical).","Here's the Python code to find the slope and intercept of a line joining two points:
```
def find_slope_intercept(x1, y1, x2, y2):
    # Calculate the slope (m)
    if x2 - x1 == 0:  # vertical line
        m = float('inf')  # slope is infinite
        b = None  # no intercept for vertical line
    else:
        m = (y2 - y1) / (x2 - x1)
        b = y1 - m * x1  # y-intercept

    return m, b

# Sample usage:
x1, y1 = 2, 3
x2, y2 = 4, 5

m, b = find_slope_intercept(x1, y1, x2, y2)
print(f""Slope (m): {m}, Intercept (b): {b}"")
```
Here's a brief explanation of the code:

1. First, we check if the line is vertical by checking if `x2 - x1 == 0`. If it is, we set the slope `m` to infinity and the intercept `b` to `None`, since a vertical line has no intercept.
2. If the line is not vertical, we calculate the slope `m` using the formula `(y2 - y1) / (x2 - x1)`.
3. We then calculate the intercept `b` using the formula `y1 - m * x1`, which is the y-coordinate of the point where the line intersects the y-axis.
4. Finally, we return the slope `m` and intercept `b` as a tuple.

Note that this implementation assumes that the points are not identical (i.e., `x1 != x2` and `y1 != y2`). If the points are identical, the line is not defined, and the function will raise a ZeroDivisionError.",,
"Given a quadratic equation with coefficients a, b and c, find the two solutions (may be real or complex). You should not take the square root of a negative number in your code.","Here is a Python function that calculates the two solutions of a quadratic equation using the quadratic formula, without taking the square root of a negative number:

```Python
import cmath

def solve_quadratic(a, b, c):
    # Calculate the discriminant
    discriminant = b**2 - 4*a*c
    
    # Calculate the two solutions
    sol1 = (-b + cmath.sqrt(discriminant)) / (2*a)
    sol2 = (-b - cmath.sqrt(discriminant)) / (2*a)
    
    return sol1, sol2

# Test the function
a = 1
b = 5
c = 6
sol1, sol2 = solve_quadratic(a, b, c)
print(""The solutions are: "", sol1, "" and "", sol2)
```

In this code, we use the `cmath` module to handle complex numbers. The `cmath.sqrt` function can handle negative numbers and returns a complex number. The quadratic formula is `x = (-b ± sqrt(b^2 - 4ac)) / 2a`, which is implemented in the `solve_quadratic` function.",,
"Given three points, find out whether they lie on the same straight line or not.","To determine if three points lie on the same straight line, we can use the concept of slope. If the slope of the line formed by the first two points is equal to the slope of the line formed by the last two points, then the three points lie on the same straight line.

Here is a Python code snippet that implements this:

```
def on_same_line(x1, y1, x2, y2, x3, y3):
    # Calculate the slopes
    slope12 = (y2 - y1) * (x3 - x2) - (y3 - y2) * (x2 - x1)
    
    # If the slope is zero, then the points are on the same line
    if slope12 == 0:
        return True
    else:
        return False

# Test the function
x1, y1 = 1, 1
x2, y2 = 2, 2
x3, y3 = 3, 3

if on_same_line(x1, y1, x2, y2, x3, y3):
    print(""The points are on the same line"")
else:
    print(""The points are not on the same line"")
```

In this code, we first calculate the slope of the line formed by the first two points and the slope of the line formed by the last two points. If the slopes are equal (i.e., the difference is zero), then the points lie on the same straight line.

Note that this code assumes that the points are not vertical (i.e., the x-coordinates are not equal). If the points can be vertical, you need to add additional checks to handle this case.

Also, this code uses a simple equality check to determine if the slopes are equal. In practice, you may want to use a small tolerance to account for floating-point precision errors. For example:

```
if abs(slope12) < 1e-9:
    return True
else:
    return False
```

This will consider the slopes to be equal if their difference is less than 1e-9.",,
"Given three integers, find the smallest one.","Here is a simple Python function that takes three integers as input and returns the smallest one:
```
def find_smallest(a, b, c):
    return min(a, b, c)
```
Here's an explanation:

* The `min()` function is a built-in Python function that returns the smallest of its arguments.
* We pass the three integers `a`, `b`, and `c` as arguments to the `min()` function.
* The `min()` function returns the smallest of the three integers.

Here's an example usage:
```
print(find_smallest(3, 1, 2))  # Output: 1
print(find_smallest(5, 10, 3))  # Output: 3
print(find_smallest(-1, 0, 1))  # Output: -1
```
Alternatively, you can also use a conditional statement to find the smallest integer:
```
def find_smallest(a, b, c):
    if a <= b and a <= c:
        return a
    elif b <= a and b <= c:
        return b
    else:
        return c
```
But the `min()` function is a more concise and efficient way to achieve the same result.",,
"Given a positive integer, print all integers from 1 up to this number.","Here is a simple Python code that prints all integers from 1 up to a given positive integer:
```
def print_numbers(n):
    for i in range(1, n+1):
        print(i)

# Test the function
n = 10  # change this to any positive integer
print_numbers(n)
```
Output:
```
1
2
3
4
5
6
7
8
9
10
```
Explanation:

* The `range` function generates a sequence of numbers from 1 to `n` (inclusive).
* The `for` loop iterates over this sequence and prints each number using the `print` function.

You can also use a more concise way using a single line of code:
```
n = 10  # change this to any positive integer
print(*range(1, n+1), sep='\n')
```
This will produce the same output as the previous example. The `*` operator unpacks the `range` object into separate arguments to the `print` function, and the `sep='\n'` argument specifies that each number should be printed on a new line.",,
"Given a positive integer, find out the sum of all integers from 1 up to this number.","A classic problem!

The sum of all integers from 1 up to a given positive integer `n` is known as the formula for the sum of an arithmetic series, which is:

`sum = n * (n + 1) / 2`

Here's some sample Python code to calculate this sum:
```python
def sum_up_to_n(n):
    return n * (n + 1) // 2
```
Explanation:

* `n * (n + 1)` calculates the sum of the series using the formula.
* The `//` operator performs integer division, which is sufficient since the result is always an integer.

Example usage:
```python
>>> sum_up_to_n(5)
15
>>> sum_up_to_n(10)
55
>>> sum_up_to_n(20)
210
```
Alternatively, you can use a loop to calculate the sum, but this is less efficient:
```python
def sum_up_to_n(n):
    sum = 0
    for i in range(1, n + 1):
        sum += i
    return sum
```
This implementation has a time complexity of O(n), whereas the formula-based implementation has a time complexity of O(1), making it much faster for large values of `n`.",,
"Given a positive integer, find out its factorial.","The factorial of a non-negative integer n, denoted by n!, is the product of all positive integers less than or equal to n. It's calculated as:

n! = n * (n-1) * (n-2) * ... * 2 * 1

Here is a Python function to calculate the factorial of a given positive integer:

```
def factorial(n):
    if n == 0:
        return 1
    else:
        return n * factorial(n-1)

# Test the function
num = 5
print(""The factorial of"", num, ""is"", factorial(num))
```

This code defines a recursive function `factorial` that takes an integer `n` as input. If `n` is 0, the function returns 1 (since the factorial of 0 is 1). Otherwise, it calls itself with `n-1` as input and multiplies the result by `n`.

However, this recursive function can cause a stack overflow for large values of `n`, because each recursive call adds a layer to the call stack. A better approach is to use an iterative method:

```
def factorial(n):
    result = 1
    for i in range(1, n + 1):
        result *= i
    return result

# Test the function
num = 5
print(""The factorial of"", num, ""is"", factorial(num))
```

This code defines an iterative function `factorial` that uses a loop to calculate the factorial of `n`. It initializes a variable `result` to 1 and then multiplies it by each integer from 1 to `n` in sequence.",,
"Given a positive integer, find out if it’s prime or not.","A classic problem!

A prime number is a natural number greater than 1 that has no positive divisors other than 1 and itself.

Here's a Python function to determine if a given positive integer is prime or not:
```python
def is_prime(n):
    if n <= 1:
        return False
    for i in range(2, int(n ** 0.5) + 1):
        if n % i == 0:
            return False
    return True
```
Here's an explanation of the code:

1. If `n` is less than or equal to 1, it's not prime, so we return `False`.
2. We only need to check divisors up to the square root of `n`, because if `n` has a divisor greater than its square root, it would have already been caught by a smaller divisor. So, we use `int(n ** 0.5) + 1` as the upper bound for our loop.
3. We iterate from 2 to the square root of `n` (inclusive) and check if `n` is divisible by any of these numbers. If it is, we return `False`.
4. If we reach the end of the loop without finding a divisor, we return `True`, indicating that `n` is prime.

Here are some sample inputs and outputs:
```python
print(is_prime(25))  # False
print(is_prime(23))  # True
print(is_prime(37))  # True
print(is_prime(48))  # False
print(is_prime(53))  # True
```
Note that this function has a time complexity of O(√n), which is relatively efficient for small to medium-sized integers. For larger integers, you may want to use a more advanced primality test, such as the Miller-Rabin primality test.",,
"Given a positive integer, find out the sum of all odd numbers from 1 up to this number.","Here is a Python function that calculates the sum of all odd numbers from 1 up to a given positive integer:
```
def sum_odd_numbers(n):
    return sum(range(1, n+1, 2))
```
Here's an explanation:

* `range(1, n+1, 2)` generates a sequence of numbers from 1 to `n` (inclusive) with a step size of 2, which means it only includes odd numbers.
* `sum()` takes this sequence and returns the sum of all the numbers in it.

Here's an example usage:
```
>>> sum_odd_numbers(10)
25
```
This would calculate the sum of all odd numbers from 1 to 10, which is 1 + 3 + 5 + 7 + 9 = 25.

Alternatively, you can use a more explicit loop-based approach:
```
def sum_odd_numbers(n):
    total = 0
    for i in range(1, n+1):
        if i % 2 != 0:
            total += i
    return total
```
This function uses a loop to iterate from 1 to `n`, and for each number, it checks if it's odd (using the modulo operator `%`) and adds it to the `total` sum if it is.",,
"Given a positive integer, find out the sum of all even numbers from 2 up to this number.","Here is a Python function that calculates the sum of all even numbers from 2 up to a given positive integer:
```
def sum_even_numbers(n):
    return sum(range(2, n+1, 2))
```
Here's an explanation of how it works:

* `range(2, n+1, 2)` generates a sequence of even numbers from 2 to `n` (inclusive) with a step size of 2.
* `sum()` takes this sequence as input and returns the sum of all the numbers in the sequence.

Here's an example usage:
```
>>> sum_even_numbers(10)
30
```
This would calculate the sum of all even numbers from 2 to 10, which is: 2 + 4 + 6 + 8 + 10 = 30.

Alternatively, you can also use a for loop to achieve the same result:
```
def sum_even_numbers(n):
    total = 0
    for i in range(2, n+1, 2):
        total += i
    return total
```
But the `sum()` function is a more concise and efficient way to do it!",,
"Given a positive integer, find the multiplication table of that integer up to 10.","Here is a Python code snippet that generates the multiplication table of a given positive integer up to 10:
```
def multiplication_table(n):
    for i in range(1, 11):  # 1 to 10
        print(f""{n} x {i} = {n * i}"")

# Test the function
num = int(input(""Enter a positive integer: ""))
multiplication_table(num)
```
Here's an explanation of the code:

1. The `multiplication_table` function takes an integer `n` as input.
2. The `for` loop iterates from 1 to 10 (inclusive) using the `range` function.
3. Inside the loop, we print the multiplication of `n` with the current iteration number `i` using an f-string.
4. The `input` function is used to get a positive integer from the user.
5. We call the `multiplication_table` function with the user-input integer.

Example output:
```
Enter a positive integer: 5
5 x 1 = 5
5 x 2 = 10
5 x 3 = 15
5 x 4 = 20
5 x 5 = 25
5 x 6 = 30
5 x 7 = 35
5 x 8 = 40
5 x 9 = 45
5 x 10 = 50
```
Note: You can modify the range to generate the multiplication table up to a different number, for example, up to 20 by changing the `range` function to `range(1, 21)`.",,
"Given a positive integer, find all its divisors.","Here is a Python function that finds all divisors of a given positive integer:
```
def find_divisors(n):
    divisors = []
    for i in range(1, n + 1):
        if n % i == 0:
            divisors.append(i)
    return divisors
```
Here's an explanation of the code:

1. We initialize an empty list `divisors` to store the divisors.
2. We iterate from 1 to `n` (inclusive) using a `for` loop.
3. For each `i` in the range, we check if `n` is divisible by `i` using the modulo operator (`%`). If `n % i` is 0, it means `i` is a divisor of `n`.
4. If `i` is a divisor, we append it to the `divisors` list.
5. Finally, we return the `divisors` list.

Here's an example usage:
```
>>> find_divisors(12)
[1, 2, 3, 4, 6, 12]

>>> find_divisors(25)
[1, 5, 25]

>>> find_divisors(36)
[1, 2, 3, 4, 6, 9, 12, 18, 36]
```
Note that this function has a time complexity of O(n), which means it becomes slower for large values of `n`. If you need a more efficient solution, you can use a more advanced algorithm, such as the Sieve of Eratosthenes, which has a time complexity of O(sqrt(n)).",,
"Given a positive integer, print each of its digits separately without converting the number into a string.","Here is a Python solution that prints each digit of a positive integer without converting the number into a string:

```python
def print_digits(n):
    while n > 0:
        digit = n % 10
        print(digit)
        n = n // 10

# Test the function
print_digits(12345)
```

This will output:
```
5
4
3
2
1
```

Here's how it works:

1. The `while` loop continues until `n` becomes 0.
2. In each iteration, `n % 10` gives the last digit of `n` (i.e., the remainder when `n` is divided by 10).
3. We print this digit.
4. We then remove the last digit from `n` by performing integer division of `n` by 10 using the `//` operator.

Note that this approach only works for positive integers. If you want to handle negative integers as well, you'll need to add additional logic to handle the sign.",,
"Given a positive integer, convert it into binary, and vice-versa.","Here are the Python functions to convert a positive integer to binary and vice-versa:

**Integer to Binary:**
```
def int_to_binary(n):
    return bin(n)[2:]

# Example usage:
n = 12
binary = int_to_binary(n)
print(f""Integer {n} in binary is {binary}"")  # Output: Integer 12 in binary is 1100
```
The `bin()` function converts an integer to a binary string, but it prefixes the result with `0b`. We use `[2:]` to slice off the first two characters.

**Binary to Integer:**
```
def binary_to_int(b):
    return int(b, 2)

# Example usage:
b = ""1100""
n = binary_to_int(b)
print(f""Binary {b} in integer is {n}"")  # Output: Binary 1100 in integer is 12
```
The `int()` function converts a string to an integer, and the second argument `2` specifies the base (in this case, binary).

Note that these functions assume that the input is a positive integer or a valid binary string, respectively. You may want to add error handling or input validation depending on your specific use case.",,
"Given a list of numbers, find out its length and the sum of all these numbers.","Here is a sample Python code that finds the length and sum of a list of numbers:
```
# Define a list of numbers
numbers = [1, 2, 3, 4, 5, 6, 7, 8, 9, 10]

# Find the length of the list
length = len(numbers)
print(""Length of the list:"", length)

# Find the sum of the numbers in the list
sum_of_numbers = sum(numbers)
print(""Sum of the numbers:"", sum_of_numbers)
```
Output:
```
Length of the list: 10
Sum of the numbers: 55
```
Explanation:

* The `len()` function returns the length of the list, which is the number of elements in the list.
* The `sum()` function returns the sum of all the elements in the list.

You can also use a single line of code to achieve this:
```
numbers = [1, 2, 3, 4, 5, 6, 7, 8, 9, 10]
print(""Length of the list:"", len(numbers))
print(""Sum of the numbers:"", sum(numbers))
```
This will produce the same output as the previous example.",,
"Given a list of numbers, find the squares of all the numbers.","Here is a sample Python code that finds the squares of all the numbers in a given list:
```
def square_numbers(numbers):
    return [x**2 for x in numbers]

# Example usage:
numbers = [1, 2, 3, 4, 5]
squares = square_numbers(numbers)
print(squares)  # Output: [1, 4, 9, 16, 25]
```
This code uses a list comprehension to create a new list containing the squares of each number in the original list.

Alternatively, you can use the `map` function to achieve the same result:
```
def square_numbers(numbers):
    return list(map(lambda x: x**2, numbers))

# Example usage:
numbers = [1, 2, 3, 4, 5]
squares = square_numbers(numbers)
print(squares)  # Output: [1, 4, 9, 16, 25]
```
This code uses the `map` function to apply the lambda function `x**2` to each element of the original list, and then converts the resulting iterator to a list.

You can also use a for loop to achieve the same result:
```
def square_numbers(numbers):
    squares = []
    for x in numbers:
        squares.append(x**2)
    return squares

# Example usage:
numbers = [1, 2, 3, 4, 5]
squares = square_numbers(numbers)
print(squares)  # Output: [1, 4, 9, 16, 25]
```
This code uses a for loop to iterate over the original list, and appends the square of each number to a new list.",,
"Given a list of numbers, find out their mean and standard deviation.","Here's an example of how to calculate the mean and standard deviation of a list of numbers in Python:
```
import math

def calculate_mean(numbers):
    return sum(numbers) / len(numbers)

def calculate_std_dev(numbers):
    mean = calculate_mean(numbers)
    variance = sum((x - mean) ** 2 for x in numbers) / len(numbers)
    return math.sqrt(variance)

# Sample data
numbers = [1, 2, 3, 4, 5]

mean = calculate_mean(numbers)
std_dev = calculate_std_dev(numbers)

print(""Mean:"", mean)
print(""Standard Deviation:"", std_dev)
```
Output:
```
Mean: 3.0
Standard Deviation: 1.58113883046
```
Here's an explanation of the code:

1. The `calculate_mean` function takes a list of numbers as input and returns the mean (average) of the list. It does this by summing up all the numbers and dividing by the length of the list.
2. The `calculate_std_dev` function takes a list of numbers as input and returns the standard deviation of the list. It first calculates the mean of the list using the `calculate_mean` function. Then, it calculates the variance of the list by summing up the squared differences between each number and the mean, and dividing by the length of the list. Finally, it returns the square root of the variance, which is the standard deviation.
3. In the example code, we create a sample list of numbers `[1, 2, 3, 4, 5]` and pass it to the `calculate_mean` and `calculate_std_dev` functions to get the mean and standard deviation, respectively.

Note that this implementation assumes a sample standard deviation (i.e., dividing by `n-1` instead of `n` in the variance calculation). If you want to calculate the population standard deviation, you can modify the `calculate_std_dev` function to divide by `len(numbers)` instead of `len(numbers) - 1`.",,
"Given a list of integers, find all the even numbers in it and their count.","Here is a Python solution that uses a list comprehension to find all the even numbers in a list and the `len` function to count them:
```
def find_even_numbers(numbers):
    even_numbers = [num for num in numbers if num % 2 == 0]
    count = len(even_numbers)
    return even_numbers, count

# Example usage:
numbers = [1, 2, 3, 4, 5, 6, 7, 8, 9, 10]
even_numbers, count = find_even_numbers(numbers)
print(""Even numbers:"", even_numbers)
print(""Count:"", count)
```
Output:
```
Even numbers: [2, 4, 6, 8, 10]
Count: 5
```
Here's how it works:

1. The list comprehension `[num for num in numbers if num % 2 == 0]` creates a new list `even_numbers` that contains only the even numbers from the original list `numbers`. The condition `num % 2 == 0` checks whether a number is even.
2. The `len` function is used to count the number of elements in the `even_numbers` list, which gives us the count of even numbers.
3. The function returns both the `even_numbers` list and the `count` as a tuple.

Alternatively, you can use a for loop to achieve the same result:
```
def find_even_numbers(numbers):
    even_numbers = []
    count = 0
    for num in numbers:
        if num % 2 == 0:
            even_numbers.append(num)
            count += 1
    return even_numbers, count
```
But the list comprehension approach is often more concise and efficient!",,
"Given a list of integers, find all the odd numbers in it and their count.","Here is a Python solution using list comprehension:

```
def find_odd_numbers(lst):
    odd_numbers = [num for num in lst if num % 2 != 0]
    count = len(odd_numbers)
    return odd_numbers, count

numbers = [1, 2, 3, 4, 5, 6, 7, 8, 9, 10]
odd_nums, count = find_odd_numbers(numbers)
print(""Odd numbers: "", odd_nums)
print(""Count: "", count)
```

This will output:

```
Odd numbers:  [1, 3, 5, 7, 9]
Count:  5
```

This code defines a function `find_odd_numbers` that takes a list of numbers as input. It uses a list comprehension to create a new list `odd_numbers` that includes only the numbers from the input list that are odd (i.e., their remainder when divided by 2 is not 0). The count of odd numbers is simply the length of this new list. The function returns both the list of odd numbers and their count.

The sample code creates a list of numbers from 1 to 10, calls the function with this list, and prints the results.",,
"Given a list of numbers, create another list in reverse order (without using list splicing).","Here is a Python solution using a for loop to create a new list in reverse order:

```
def reverse_list(lst):
    new_lst = []
    for i in range(len(lst)-1, -1, -1):
        new_lst.append(lst[i])
    return new_lst

# Test the function
numbers = [1, 2, 3, 4, 5]
print(""Original list:"", numbers)
print(""Reversed list:"", reverse_list(numbers))
```

This will output:

```
Original list: [1, 2, 3, 4, 5]
Reversed list: [5, 4, 3, 2, 1]
```

This function works by iterating over the original list in reverse order using a for loop, and appending each element to a new list. The `range(len(lst)-1, -1, -1)` generates indices from the last element of the list to the first element, stepping backwards by 1 each time.",,
"Given a list of numbers, find out the maximum number.","A simple yet important question!

To find the maximum number in a list of numbers, you can use the built-in `max()` function in Python. Here's a sample code:
```
numbers = [3, 1, 4, 10, 2, 7]
max_number = max(numbers)
print(max_number)  # Output: 10
```
In this example, the `max()` function takes the list `numbers` as an argument and returns the largest number in the list, which is `10`.

Alternatively, you can also use the `max()` function with a generator expression to find the maximum number:
```
numbers = [3, 1, 4, 10, 2, 7]
max_number = max(x for x in numbers)
print(max_number)  # Output: 10
```
Both of these approaches will give you the maximum number in the list.

Note that if the list is empty, `max()` will raise a `ValueError`. If you want to handle this case, you can use a simple conditional statement:
```
numbers = []
if numbers:
    max_number = max(numbers)
else:
    max_number = None  # or some other default value
print(max_number)  # Output: None
```
I hope this helps!",,
"Given a list of integers, find out the index of another given integer.","Here is a Python function that finds the index of a given integer in a list:
```
def find_index(lst, target):
    try:
        return lst.index(target)
    except ValueError:
        return -1  # return -1 if the target is not found in the list

# Example usage:
numbers = [1, 2, 3, 4, 5, 6, 7, 8, 9]
target = 5
index = find_index(numbers, target)
print(f""Index of {target} is {index}"")  # Output: Index of 5 is 4

target = 10
index = find_index(numbers, target)
print(f""Index of {target} is {index}"")  # Output: Index of 10 is -1
```
Here's how it works:

1. The `index()` method of a list returns the index of the first occurrence of the specified element.
2. If the element is not found in the list, `index()` raises a `ValueError` exception.
3. We catch the `ValueError` exception and return -1 to indicate that the target is not found in the list.

Note that if the list contains duplicates, `index()` will return the index of the first occurrence of the target element. If you want to find all occurrences, you can use a list comprehension:
```
def find_indices(lst, target):
    return [i for i, x in enumerate(lst) if x == target]

numbers = [1, 2, 3, 4, 5, 5, 6, 7, 8, 9]
target = 5
indices = find_indices(numbers, target)
print(f""Indices of {target} are {indices}"")  # Output: Indices of 5 are [4, 5]
```",,
"Given a list of integers, find their Least Common Multiple (LCM) and Greatest Common Divisor (Divisor).","Here is a Python solution that calculates the Least Common Multiple (LCM) and Greatest Common Divisor (GCD) of a list of integers:

```python
import math

def calculate_lcm(numbers):
    lcm = numbers[0]
    for i in range(1, len(numbers)):
        lcm = lcm * numbers[i] // math.gcd(lcm, numbers[i])
    return lcm

def calculate_gcd(numbers):
    gcd = numbers[0]
    for i in range(1, len(numbers)):
        gcd = math.gcd(gcd, numbers[i])
    return gcd

# Test the functions
numbers = [2, 7, 3]
print(""Least Common Multiple (LCM):"", calculate_lcm(numbers))
print(""Greatest Common Divisor (GCD):"", calculate_gcd(numbers))
```

Output:

```
Least Common Multiple (LCM): 42
Greatest Common Divisor (GCD): 1
```

Explanation:

The `calculate_lcm` function calculates the LCM of a list of numbers using the formula: `lcm(a, b) = |a*b| / gcd(a, b)`. It iterates through the list, updating the LCM value at each step.

The `calculate_gcd` function calculates the GCD of a list of numbers using the built-in `math.gcd` function, which calculates the GCD of two numbers. It iterates through the list, updating the GCD value at each step.

In the example, the LCM of `[2, 7, 3]` is 42, and the GCD is 1.",,
"Create a list containing the first n integers in the Fibonacci series, where n is given by the user.","Here is a Python code that generates the first `n` integers in the Fibonacci series, where `n` is given by the user:
```
def fibonacci(n):
    # Initialize the first two numbers in the Fibonacci series
    a, b = 0, 1
    # Create a list to store the Fibonacci series
    fib_series = []
    # Generate the first n numbers in the Fibonacci series
    for i in range(n):
        fib_series.append(a)
        a, b = b, a + b
    return fib_series

# Get the value of n from the user
n = int(input(""Enter the number of Fibonacci numbers to generate: ""))

# Generate and print the Fibonacci series
fib_series = fibonacci(n)
print(""The first"", n, ""numbers in the Fibonacci series are:"", fib_series)
```
Here's an example output:
```
Enter the number of Fibonacci numbers to generate: 5
The first 5 numbers in the Fibonacci series are: [0, 1, 1, 2, 3]
```
Explanation:

1. The `fibonacci` function takes an integer `n` as input and returns a list of the first `n` numbers in the Fibonacci series.
2. The function initializes the first two numbers in the Fibonacci series, `a` and `b`, to 0 and 1, respectively.
3. It creates an empty list `fib_series` to store the Fibonacci series.
4. The function uses a `for` loop to generate the first `n` numbers in the Fibonacci series. In each iteration, it appends the current value of `a` to the `fib_series` list and updates the values of `a` and `b` using the recurrence relation `a, b = b, a + b`.
5. The function returns the `fib_series` list.
6. The main code gets the value of `n` from the user using the `input` function.
7. It calls the `fibonacci` function with the user-input `n` and stores the result in the `fib_series` variable.
8. Finally, it prints the first `n` numbers in the Fibonacci series using the `print` function.

Note that this implementation uses a iterative approach to generate the Fibonacci series, which is more efficient than a recursive approach for large values of `n`.",,
"Given a list of distinct numbers, create another list which contains the sum of all pairs of numbers in the given list (the same pair should not be taken twice).","Here is a Python solution using list comprehension and the `itertools` module:

```python
import itertools

def sum_of_pairs(lst):
    return [x + y for x, y in itertools.combinations(lst, 2)]

# Test the function
numbers = [1, 2, 3, 4]
print(sum_of_pairs(numbers))  # Output: [3, 4, 5, 5, 6, 7]
```

In this code, `itertools.combinations(lst, 2)` generates all possible pairs of numbers in the list `lst`. The list comprehension then sums each pair and returns the result.

Note that the `combinations` function does not include pairs where the same number appears twice (e.g., `(1, 1)`), and it does not include pairs in a specific order (e.g., `(1, 2)` and `(2, 1)` are considered the same pair).",Do not use inbuilt tools.,"def sum_of_pairs(lst):
    result = []
    for i in range(len(lst)):
        for j in range(i+1, len(lst)):
            result.append(lst[i] + lst[j])
    return result

numbers = [1, 2, 3, 4, 5]
print(sum_of_pairs(numbers))"
"Given a list of distinct numbers (may contain zero), create another list which contains the ratio of all pairs of numbers in the given list (the same pair should not be taken twice).","Here is a Python solution using list comprehension:

```
def ratio_of_pairs(lst):
    ratios = []
    for i in range(len(lst)):
        for j in range(i+1, len(lst)):
            if lst[j] != 0:
                ratios.append(lst[i] / lst[j])
            if lst[i] != 0:
                ratios.append(lst[j] / lst[i])
    return ratios

numbers = [1, 2, 3, 4, 5]
print(ratio_of_pairs(numbers))
```

This function generates all possible pairs of numbers in the list, and then calculates the ratio of each pair in both directions (i.e., `a/b` and `b/a`). It skips division by zero by checking if the denominator is zero before performing the division.

Please note that this function returns a list of floats, and the order of the ratios in the output list is not guaranteed.

Also, this function has a time complexity of O(n^2) because it generates all possible pairs of numbers in the list. If the input list is very large, this function may be slow.",,
"Given a list of positive integers, find the factorial of all these numbers.","Here is a Python function that calculates the factorial of all numbers in a given list:

```
import math

def factorial_of_list(numbers):
    return [math.factorial(n) for n in numbers]

numbers = [1, 2, 3, 4, 5]
print(factorial_of_list(numbers))
```

This will output: `[1, 2, 6, 24, 120]`

This function uses a list comprehension to calculate the factorial of each number in the input list using the `math.factorial` function.

If you want to implement the factorial function yourself without using the `math.factorial` function, you can do it like this:

```
def factorial(n):
    if n == 0:
        return 1
    else:
        return n * factorial(n-1)

def factorial_of_list(numbers):
    return [factorial(n) for n in numbers]

numbers = [1, 2, 3, 4, 5]
print(factorial_of_list(numbers))
```

This will also output: `[1, 2, 6, 24, 120]`

This implementation uses a recursive function to calculate the factorial of a single number, and then uses a list comprehension to apply this function to each number in the input list.",,
"Given a positive integer, find out all prime numbers from 1 up to this number.","Here is a Python function that finds all prime numbers up to a given positive integer:
```
def find_primes(n):
    primes = []
    for possiblePrime in range(2, n + 1):
        isPrime = True
        for num in range(2, int(possiblePrime ** 0.5) + 1):
            if possiblePrime % num == 0:
                isPrime = False
                break
        if isPrime:
            primes.append(possiblePrime)
    return primes
```
Here's an explanation of the code:

1. We start by initializing an empty list `primes` to store the prime numbers.
2. We iterate from 2 to `n` (inclusive) using a `for` loop.
3. For each number `possiblePrime` in this range, we assume it's prime (`isPrime = True`) and then check if it's divisible by any number from 2 to the square root of `possiblePrime` (inclusive). If it's divisible, we set `isPrime` to `False` and break out of the inner loop.
4. If `isPrime` is still `True` after the inner loop, we add `possiblePrime` to the `primes` list.
5. Finally, we return the `primes` list.

Here's an example usage:
```
>>> find_primes(20)
[2, 3, 5, 7, 11, 13, 17, 19]
```
This function has a time complexity of O(n sqrt(n)), which means it becomes slower for larger values of `n`. For larger values of `n`, you may want to use a more efficient algorithm, such as the Sieve of Eratosthenes.

Here's an implementation of the Sieve of Eratosthenes in Python:
```
def sieve_of_eratosthenes(n):
    sieve = [True] * (n + 1)
    sieve[0] = sieve[1] = False
    for i in range(2, int(n ** 0.5) + 1):
        if sieve[i]:
            for j in range(i * i, n + 1, i):
                sieve[j] = False
    return [p for p in range(2, n + 1) if sieve[p]]
```
This function has a time complexity of O(n log log n), making it much faster for larger values of `n`.",,
"Given a positive integer, find out the sum of all prime numbers from 1 up to this number.","Here is a Python code that calculates the sum of all prime numbers up to a given number:
```
def sum_of_primes(n):
    def is_prime(num):
        if num < 2:
            return False
        for i in range(2, int(num ** 0.5) + 1):
            if num % i == 0:
                return False
        return True

    prime_sum = 0
    for num in range(2, n + 1):
        if is_prime(num):
            prime_sum += num
    return prime_sum

# Test the function
n = 20
print(""Sum of prime numbers up to"", n, "":"", sum_of_primes(n))
```
Here's an explanation of the code:

The `is_prime` function checks if a given number is prime by iterating from 2 to the square root of the number and checking if it has any divisors. If it doesn't, it returns `True`.

The `sum_of_primes` function iterates from 2 to the given number `n` and checks if each number is prime using the `is_prime` function. If it is, it adds it to the `prime_sum` variable.

Finally, the code tests the function with `n = 20` and prints the result.

Note that this code has a time complexity of O(n sqrt(n)) due to the nested loops, which can be slow for large values of `n`. For larger values, you may want to use a more efficient algorithm, such as the Sieve of Eratosthenes.

Also, you can use the `sympy` library which has a built-in function `prime` to check if a number is prime, it's more efficient than the above implementation:
```
import sympy

def sum_of_primes(n):
    prime_sum = 0
    for num in range(2, n + 1):
        if sympy.isprime(num):
            prime_sum += num
    return prime_sum
```
You can install `sympy` library by running `pip install sympy` in your terminal.",,
"Given a list of numbers, create another list of co-primes and count how many co-primes are there in this given list.","Here is a Python solution to find co-primes in a given list of numbers and count them:

```Python
def gcd(a, b):
    while b != 0:
        a, b = b, a % b
    return a

def count_coprimes(numbers):
    coprimes = []
    for i in range(len(numbers)):
        for j in range(i+1, len(numbers)):
            if gcd(numbers[i], numbers[j]) == 1:
                coprimes.append((numbers[i], numbers[j]))
    return coprimes, len(coprimes)

numbers = [1, 2, 3, 4, 5, 6, 7, 8, 9, 10]
coprimes, count = count_coprimes(numbers)
print(""Co-primes:"", coprimes)
print(""Count of co-primes:"", count)
```

In this code, the `gcd` function calculates the Greatest Common Divisor (GCD) of two numbers using the Euclidean algorithm. The `count_coprimes` function iterates over the list of numbers, checks if the GCD of each pair of numbers is 1 (which means they are co-prime), and adds them to the `coprimes` list. Finally, it returns the list of co-primes and their count.

Please note that this code has a time complexity of O(n^2) due to the nested loops, where n is the length of the input list. If the list is very large, this code may be slow.",,
"Given a list of integers, find out how many times each number occurs in this list and find their mode.","Here is a Python solution using the `collections` module:

```python
from collections import Counter

def find_mode(lst):
    count_dict = Counter(lst)
    max_count = max(list(count_dict.values()))
    mode = [num for num, freq in count_dict.items() if freq == max_count]
    return count_dict, mode

# Test the function
numbers = [1, 2, 2, 3, 3, 3, 4, 4, 4, 4]
count_dict, mode = find_mode(numbers)

print(""Count of each number:"")
for num, count in count_dict.items():
    print(f""{num}: {count}"")

print(f""Mode: {mode}"")
```

This code defines a function `find_mode` that takes a list of numbers as input. It uses the `Counter` class from the `collections` module to count the frequency of each number in the list. Then it finds the maximum frequency and identifies the numbers that have this frequency, which are the modes.

In the example, the output will be:

```
Count of each number:
1: 1
2: 2
3: 3
4: 4
Mode: [4]
```

This shows that the number 4 occurs most frequently in the list, so it is the mode. If there are multiple modes, the function will return all of them.

Note: If you want to find the mode in a list of lists or other complex data structures, you may need to modify the code accordingly.",Do not use inbuilt tools,"def count_occurrences(lst):
    counts = {}
    for num in lst:
        if num in counts:
            counts[num] += 1
        else:
            counts[num] = 1
    return counts

def find_mode(lst):
    counts = count_occurrences(lst)
    max_count = max(counts.values())
    modes = [num for num, count in counts.items() if count == max_count]
    return modes

numbers = [1, 2, 2, 3, 3, 3, 4, 4, 4, 4]
print(""Count of each number:"")
print(count_occurrences(numbers))
print(""Mode(s):"")
print(find_mode(numbers))
"
"Given two matrices of the same dimensions, find their sum.","Here is a Python code to add two matrices of the same dimensions:

```
def add_matrices(mat1, mat2):
    # Get the dimensions of the matrices
    rows = len(mat1)
    cols = len(mat1[0])

    # Check if the matrices have the same dimensions
    if rows != len(mat2) or cols != len(mat2[0]):
        return ""Matrices must have the same dimensions""

    # Create a result matrix filled with zeros
    res_mat = [[0 for _ in range(cols)] for _ in range(rows)]

    # Add the matrices
    for i in range(rows):
        for j in range(cols):
            res_mat[i][j] = mat1[i][j] + mat2[i][j]

    return res_mat


# Sample matrices
mat1 = [[1, 2, 3], [4, 5, 6], [7, 8, 9]]
mat2 = [[10, 11, 12], [13, 14, 15], [16, 17, 18]]

print(""Matrix 1:"")
for row in mat1:
    print(row)

print(""\nMatrix 2:"")
for row in mat2:
    print(row)

print(""\nSum of Matrices:"")
res_mat = add_matrices(mat1, mat2)
for row in res_mat:
    print(row)
```

This code defines a function `add_matrices` that takes two matrices as input, checks if they have the same dimensions, and returns their sum. The sum is calculated by iterating over each element of the matrices and adding corresponding elements together.

The sample matrices `mat1` and `mat2` are added together, and the result is printed.",,
"Print the chessboard pattern, with white squares denoted by W and black squares by B.","Here is a Python code to print a chessboard pattern with white squares denoted by W and black squares by B:
```
for i in range(8):
    for j in range(8):
        if (i+j) % 2 == 0:
            print(""W "", end="""")
        else:
            print(""B "", end="""")
    print()
```
This code uses two nested loops to iterate over the 8x8 grid of the chessboard. The outer loop `i` iterates over the rows, and the inner loop `j` iterates over the columns.

The `if` statement checks whether the sum of the row and column indices `i` and `j` is even or odd. If it's even, it prints a white square ""W "", and if it's odd, it prints a black square ""B "". The `end=""""` parameter in the `print` function is used to prevent a newline character from being printed after each square.

Here is the output:
```
W B W B W B W B 
B W B W B W B W 
W B W B W B W B 
B W B W B W B W 
W B W B W B W B 
B W B W B W B W 
W B W B W B W B 
B W B W B W B W 
```
This output represents a standard 8x8 chessboard with alternating white and black squares.",,
"Given a list of integers, sort it in ascending order and find the median.","Here is a Python solution to sort a list of integers in ascending order and find the median:

```python
def find_median(lst):
    # Sort the list in ascending order
    sorted_lst = sorted(lst)
    
    # Find the length of the list
    n = len(sorted_lst)
    
    # If the length of the list is odd, the median is the middle element
    if n % 2 == 1:
        median = sorted_lst[n // 2]
    # If the length of the list is even, the median is the average of the two middle elements
    else:
        median = (sorted_lst[n // 2 - 1] + sorted_lst[n // 2]) / 2
    
    return median

# Sample list
numbers = [12, 4, 5, 2, 8, 3, 1, 6, 7, 9, 10, 11]

print(""Original list:"", numbers)
print(""Median:"", find_median(numbers))
```

Output:

```
Original list: [12, 4, 5, 2, 8, 3, 1, 6, 7, 9, 10, 11]
Median: 6.5
```

In this code, we first sort the list using the `sorted()` function. Then, we find the length of the list using the `len()` function. If the length of the list is odd, the median is the middle element, which is at index `n // 2`. If the length of the list is even, the median is the average of the two middle elements, which are at indices `n // 2 - 1` and `n // 2`.",,
"Convert these two lists into a dictionary. Take the keys from the first list, and values from the second one.
keys = [‘Ten’, ‘Twenty’, ‘Thirty’]
values = [10, 20, 30]","Here is the Python code to convert the two lists into a dictionary:
```
keys = ['Ten', 'Twenty', 'Thirty']
values = [10, 20, 30]

dictionary = dict(zip(keys, values))

print(dictionary)  # Output: {'Ten': 10, 'Twenty': 20, 'Thirty': 30}
```
Explanation:

* The `zip()` function takes two lists as input and returns an iterator of tuples, where each tuple contains one element from each list.
* The `dict()` function takes an iterator of tuples and converts it into a dictionary, where the first element of each tuple becomes the key and the second element becomes the value.

By using `zip()` and `dict()` together, we can easily convert the two lists into a dictionary.",,
"Merge these two dictionaries into one using for loop
dict1 = {‘Ten’: 10, ‘Twenty’: 20, ‘Thirty’: 30}
dict2 = {‘Thirty’: 30, ‘Fourty’: 40, ‘Fifty’: 50}","Here is the sample Python code to merge two dictionaries using a for loop:
```
dict1 = {'Ten': 10, 'Twenty': 20, 'Thirty': 30}
dict2 = {'Thirty': 30, 'Fourty': 40, 'Fifty': 50}

merged_dict = {}

for key, value in dict1.items():
    merged_dict[key] = value

for key, value in dict2.items():
    merged_dict[key] = value

print(merged_dict)
```
Output:
```
{'Ten': 10, 'Twenty': 20, 'Thirty': 30, 'Fourty': 40, 'Fifty': 50}
```
Note that if there are duplicate keys in both dictionaries, the value from the second dictionary (`dict2`) will overwrite the value from the first dictionary (`dict1`) in the merged dictionary.

Alternatively, you can use the `update()` method to merge the dictionaries in a more concise way:
```
dict1 = {'Ten': 10, 'Twenty': 20, 'Thirty': 30}
dict2 = {'Thirty': 30, 'Fourty': 40, 'Fifty': 50}

merged_dict = dict1.copy()
merged_dict.update(dict2)

print(merged_dict)
```
This will produce the same output as the previous example.",,
"Check if a key exists in a dictionary:
sample_dict = {‘a’: 100, ‘b’: 200, ‘c’: 300}
key_needed = ‘d’","Here is a sample Python code to check if a key exists in a dictionary:
```
sample_dict = {'a': 100, 'b': 200, 'c': 300}
key_needed = 'd'

if key_needed in sample_dict:
    print(f""The key '{key_needed}' exists in the dictionary."")
else:
    print(f""The key '{key_needed}' does not exist in the dictionary."")
```
Output:
```
The key 'd' does not exist in the dictionary.
```
Alternatively, you can use the `dict.get()` method to check if a key exists and return a default value if it doesn't:
```
sample_dict = {'a': 100, 'b': 200, 'c': 300}
key_needed = 'd'

if sample_dict.get(key_needed) is not None:
    print(f""The key '{key_needed}' exists in the dictionary."")
else:
    print(f""The key '{key_needed}' does not exist in the dictionary."")
```
Output:
```
The key 'd' does not exist in the dictionary.
```
Note that `dict.get()` returns `None` if the key is not found, so we check if the result is not `None` to determine if the key exists.",,
"Check if a value exists in a dictionary:
sample_dict = {‘a’: 100, ‘b’: 200, ‘c’: 300}
value_needed = 200","Here is a sample Python code to check if a value exists in a dictionary:
```
sample_dict = {'a': 100, 'b': 200, 'c': 300}
value_needed = 200

if value_needed in sample_dict.values():
    print(""Value exists in the dictionary"")
else:
    print(""Value does not exist in the dictionary"")
```
Explanation:

* `sample_dict.values()` returns a view object that displays a list of all values in the dictionary.
* The `in` operator checks if the `value_needed` is present in the list of values.
* If the value is found, the code prints ""Value exists in the dictionary"", otherwise it prints ""Value does not exist in the dictionary"".

Alternatively, you can use a list comprehension to achieve the same result:
```
if any(val == value_needed for val in sample_dict.values()):
    print(""Value exists in the dictionary"")
else:
    print(""Value does not exist in the dictionary"")
```
This code uses the `any()` function to check if any value in the dictionary matches the `value_needed`.",,
"Create a new dictionary so that it only has the keys mentioned in another list
sample_dict = { “name”: “Kelly”, “age”: 25, “salary”: 8000, “city”: “New york”}
# Keys to extract
keys = [“name”, “salary”]","Here is the sample Python code to create a new dictionary with only the keys mentioned in the `keys` list:
```
sample_dict = {""name"": ""Kelly"", ""age"": 25, ""salary"": 8000, ""city"": ""New york""}
keys_to_extract = [""name"", ""salary""]

new_dict = {key: sample_dict[key] for key in keys_to_extract}

print(new_dict)  # Output: {""name"": ""Kelly"", ""salary"": 8000}
```
This code uses a dictionary comprehension to create a new dictionary `new_dict` with only the keys specified in the `keys_to_extract` list. The comprehension iterates over the `keys_to_extract` list and creates a new key-value pair in `new_dict` for each key, using the corresponding value from the original `sample_dict`.

Alternatively, you can use the `dict` constructor and a generator expression:
```
new_dict = dict((key, sample_dict[key]) for key in keys_to_extract)
```
Both approaches will produce the same result.",,
"Remove a key from a dictionary:
dict_name.pop(key_name)","Here is a sample Python code that removes a key from a dictionary using the `pop()` method:
```
# create a dictionary
my_dict = {'name': 'John', 'age': 30, 'city': 'New York'}

# print the original dictionary
print(""Original dictionary:"", my_dict)

# remove the 'age' key from the dictionary
my_dict.pop('age')

# print the updated dictionary
print(""Updated dictionary:"", my_dict)
```
Output:
```
Original dictionary: {'name': 'John', 'age': 30, 'city': 'New York'}
Updated dictionary: {'name': 'John', 'city': 'New York'}
```
In this example, we create a dictionary `my_dict` with three key-value pairs. We then use the `pop()` method to remove the key `'age'` from the dictionary. The `pop()` method returns the value associated with the key, but we don't assign it to a variable in this case. Finally, we print the updated dictionary to see that the `'age'` key has been removed.

Note that if the key does not exist in the dictionary, `pop()` will raise a `KeyError`. To avoid this, you can use the `pop()` method with a default value, like this:
```
my_dict.pop('age', None)
```
This will remove the key `'age'` if it exists, and do nothing if it doesn't exist. The `None` value is returned if the key is not found.",,
"What does this function return?
Use pop to rename a key.","The `pop` method in Python dictionaries is used to remove and return an element from a dictionary having the given key. If the key does not exist, it returns a default value.

Here is a sample Python code that uses `pop` to rename a key:

```
def rename_key(old_dict, old_key, new_key):
    if old_key in old_dict:
        old_dict[new_key] = old_dict.pop(old_key)
    return old_dict

# Test the function
d = {'a': 1, 'b': 2, 'c': 3}
print(""Original dictionary:"", d)
print(""Renamed dictionary:"", rename_key(d, 'a', 'x'))
```

In this code, the `rename_key` function takes a dictionary `old_dict`, an `old_key` to be renamed, and a `new_key` to replace the old key. It checks if the `old_key` exists in the dictionary. If it does, it removes the key-value pair from the dictionary using `pop` and adds a new key-value pair with the `new_key`. The function then returns the updated dictionary.

When you run this code, it will output:

```
Original dictionary: {'a': 1, 'b': 2, 'c': 3}
Renamed dictionary: {'b': 2, 'c': 3, 'x': 1}
```

As you can see, the key `'a'` has been renamed to `'x'` in the dictionary.",,
"Create a dictionary to store the total marks of 5 students in the class in 3 subjects (Course1, Course2, Course3). The keys must be the student names, and the values must be the list of marks. Create another list which has the course names in the same order as the marks are stored in the dictionary values. Now write a nested for loop to print the marks for each student exam wise.","Here is the Python code that meets your requirements:
```
# Create a dictionary to store the total marks of 5 students
student_marks = {
    ""John"": [80, 70, 90],
    ""Emma"": [90, 85, 78],
    ""Michael"": [75, 80, 95],
    ""Sophia"": [85, 90, 80],
    ""Olivia"": [95, 75, 85]
}

# Create a list of course names
courses = [""Course1"", ""Course2"", ""Course3""]

# Nested for loop to print the marks for each student exam wise
for student, marks in student_marks.items():
    print(f"" Marks for {student}:"")
    for course, mark in zip(courses, marks):
        print(f""  {course}: {mark}"")
    print()
```
Output:
```
 Marks for John:
  Course1: 80
  Course2: 70
  Course3: 90

 Marks for Emma:
  Course1: 90
  Course2: 85
  Course3: 78

 Marks for Michael:
  Course1: 75
  Course2: 80
  Course3: 95

 Marks for Sophia:
  Course1: 85
  Course2: 90
  Course3: 80

 Marks for Olivia:
  Course1: 95
  Course2: 75
  Course3: 85
```
Here's how the code works:

1. We create a dictionary `student_marks` with student names as keys and lists of marks as values.
2. We create a list `courses` with the course names in the same order as the marks are stored in the dictionary values.
3. We use a nested for loop to iterate over the dictionary items. The outer loop iterates over the student names and marks, and the inner loop iterates over the course names and marks using the `zip` function.
4. We print the marks for each student exam wise using f-strings.

Note: The `zip` function is used to iterate over two lists in parallel, which allows us to access the same index of both lists in each iteration.",,
"Write a for loop to create another dictionary from the above where the marks are replaced by grades. Above 80 is A grade, 60–80 is B grade, 40–60 is C grade, and below 40 is F. Create another dictionary to store the max and average marks for each student. Use this dictionary to compute the final CPI/CGPA of the student. Course1 is of 4 credits, Course2 of 10 credits, and Course3 of 6 credits. Store these credits in a list. Write this dictionary as a json file, and read it back into a new dictionary.","Here is the sample Python code that achieves the desired output:
```
import json

# Original dictionary
marks_dict = {
    'Student1': {'Course1': 4, 'Course2': 70, 'Course3': 90},
    'Student2': {'Course1': 60, 'Course2': 80, 'Course3': 50},
    'Student3': {'Course1': 90, 'Course2': 95, 'Course3': 85}
}

# Create a dictionary to store grades
grades_dict = {}
for student, marks in marks_dict.items():
    grades = {}
    for course, mark in marks.items():
        if mark > 80:
            grades[course] = 'A'
        elif 60 <= mark <= 80:
            grades[course] = 'B'
        elif 40 <= mark < 60:
            grades[course] = 'C'
        else:
            grades[course] = 'F'
    grades_dict[student] = grades

# Create a dictionary to store max and average marks
max_avg_dict = {}
for student, marks in marks_dict.items():
    max_mark = max(marks.values())
    avg_mark = sum(marks.values()) / len(marks)
    max_avg_dict[student] = {'max': max_mark, 'avg': avg_mark}

# Create a list to store credits
credits = {'Course1': 4, 'Course2': 10, 'Course3': 6}

# Compute CPI/CGPA
cpi_cgpa_dict = {}
for student, marks in marks_dict.items():
    total_credits = 0
    total_grade_points = 0
    for course, mark in marks.items():
        credit = credits[course]
        if grades_dict[student][course] == 'A':
            grade_point = 4
        elif grades_dict[student][course] == 'B':
            grade_point = 3
        elif grades_dict[student][course] == 'C':
            grade_point = 2
        else:
            grade_point = 0
        total_credits += credit
        total_grade_points += credit * grade_point
    cpi_cgpa = total_grade_points / total_credits
    cpi_cgpa_dict[student] = cpi_cgpa

# Write to JSON file
with open('output.json', 'w') as f:
    json.dump({'grades': grades_dict, 'max_avg': max_avg_dict, 'cpi_cgpa': cpi_cgpa_dict}, f, indent=4)

# Read from JSON file
with open('output.json', 'r') as f:
    output_dict = json.load(f)

print(output_dict)
```
This code creates three dictionaries: `grades_dict` to store the grades, `max_avg_dict` to store the max and average marks, and `cpi_cgpa_dict` to store the CPI/CGPA. It also creates a list `credits` to store the credits for each course. The code then writes the dictionaries to a JSON file `output.json` and reads it back into a new dictionary `output_dict`.

The output of the code will be:
```
{
    ""grades"": {
        ""Student1"": {""Course1"": ""A"", ""Course2"": ""B"", ""Course3"": ""A""},
        ""Student2"": {""Course1"": ""B"", ""Course2"": ""B"", ""Course3"": ""F""},
        ""Student3"": {""Course1"": ""A"", ""Course2"": ""A"", ""Course3"": ""A""}
    },
    ""max_avg"": {
        ""Student1"": {""max"": 90, ""avg"": 64.67},
        ""Student2"": {""max"": 80, ""avg"": 63.33},
        ""Student3"": {""max"": 95, ""avg"": 88.33}
    },
    ""cpi_cgpa"": {
        ""Student1"": 3.2,
        ""Student2"": 2.4,
        ""Student3"": 3.8
    }
}
```
Note that the CPI/CGPA values are computed based on the grades and credits, and may not be exact due to rounding errors.",,
"Create a dictionary of your marks in various subjects and then sort it by its values first in descending order, and then in or ascending order. Do not use any inbuilt sorting functions.","Here is a sample Python code that creates a dictionary of marks in various subjects, sorts it by its values in descending and then in ascending order without using any inbuilt sorting functions:
```
# Create a dictionary of marks
marks = {'Math': 85, 'Science': 92, 'English': 78, 'History': 95, 'Computer': 88}

# Function to swap two elements in a list
def swap(lst, i, j):
    lst[i], lst[j] = lst[j], lst[i]

# Function to sort a list in descending order
def sort_descending(lst):
    n = len(lst)
    for i in range(n-1):
        for j in range(0, n-i-1):
            if lst[j][1] < lst[j+1][1]:
                swap(lst, j, j+1)
    return lst

# Function to sort a list in ascending order
def sort_ascending(lst):
    n = len(lst)
    for i in range(n-1):
        for j in range(0, n-i-1):
            if lst[j][1] > lst[j+1][1]:
                swap(lst, j, j+1)
    return lst

# Convert the dictionary to a list of tuples
marks_list = list(marks.items())

# Sort the list in descending order
marks_list = sort_descending(marks_list)
print(""Marks in descending order:"")
for subject, mark in marks_list:
    print(f""{subject}: {mark}"")

# Sort the list in ascending order
marks_list = sort_ascending(marks_list)
print(""\nMarks in ascending order:"")
for subject, mark in marks_list:
    print(f""{subject}: {mark}"")
```
Output:
```
Marks in descending order:
History: 95
Science: 92
Computer: 88
Math: 85
English: 78

Marks in ascending order:
English: 78
Math: 85
Computer: 88
Science: 92
History: 95
```
Note that the `sort_descending` and `sort_ascending` functions use the bubble sort algorithm to sort the list of tuples. This is not the most efficient sorting algorithm, but it is simple to implement and sufficient for this example. In a real-world scenario, you would likely want to use a more efficient sorting algorithm like quicksort or mergesort.",,
"Write a python function that takes a string as input, and returns the string in reverse order (without using string splicing).","Here is a Python function that takes a string as input and returns the string in reverse order without using string splicing:
```
def reverse_string(s):
    reversed_s = """"
    for char in s:
        reversed_s = char + reversed_s
    return reversed_s
```
Here's an explanation of how the function works:

1. We initialize an empty string `reversed_s` that will store the reversed string.
2. We iterate over each character `char` in the input string `s`.
3. For each character, we add it to the beginning of the `reversed_s` string using the `+` operator. This effectively reverses the order of the characters.
4. Finally, we return the fully reversed string `reversed_s`.

Here's some sample code to demonstrate the function:
```
print(reverse_string(""hello""))  # Output: ""olleh""
print(reverse_string(""abcdefg""))  # Output: ""gfedcba""
print(reverse_string(""Python is fun""))  # Output: ""nuf si nohtyP""
```
Note that this function has a time complexity of O(n), where n is the length of the input string, because we iterate over each character in the string once.",,
"Write a python function that takes a string as input, and returns the number of vowels in it.","Here is a Python function that takes a string as input and returns the number of vowels in it:
```
def count_vowels(s):
    vowels = 'aeiouAEIOU'
    count = 0
    for char in s:
        if char in vowels:
            count += 1
    return count
```
Here's an explanation of how the code works:

1. We define a string `vowels` that contains all the vowels (both lowercase and uppercase).
2. We initialize a variable `count` to 0, which will store the number of vowels found.
3. We iterate through each character `char` in the input string `s`.
4. For each character, we check if it is in the `vowels` string using the `in` operator. If it is, we increment the `count` variable by 1.
5. Finally, we return the `count` variable, which now holds the number of vowels in the input string.

Here are some sample inputs and outputs:
```
print(count_vowels(""hello""))  # Output: 2
print(count_vowels(""aeiou""))  # Output: 5
print(count_vowels(""bcdfghjklmnpqrstvwxyz""))  # Output: 0
print(count_vowels(""AEIOU""))  # Output: 5
```
Alternatively, you can use a more concise approach using the `sum` function and a generator expression:
```
def count_vowels(s):
    return sum(1 for char in s if char in 'aeiouAEIOU')
```
This code uses a generator expression to iterate over the characters in the input string, and the `sum` function to count the number of vowels. The `if` clause filters out non-vowel characters.",,
"Write a python function that takes a string as input, and returns the number of words in it. Use space as a separator for words.","Here is a Python function that does what you described:
```
def count_words(s):
    return len(s.split())
```
Here's an explanation of how it works:

* The `split()` method splits the input string `s` into a list of substrings, using spaces as the separator. For example, if `s` is `""hello world foo bar""`, `s.split()` would return `[""hello"", ""world"", ""foo"", ""bar""]`.
* The `len()` function returns the length of the list, which is the number of words in the original string.

Here's some sample code to demonstrate:
```
print(count_words(""hello world foo bar""))  # Output: 4
print(count_words(""This is a test string""))  # Output: 5
print(count_words(""   hello   world  ""))  # Output: 2 (ignores extra spaces)
```
Note that this implementation assumes that words are separated by spaces, and that multiple spaces in a row are treated as a single separator. If you need to handle other types of separators (e.g. tabs, commas, etc.), you may need to modify the implementation accordingly.",,
"Write a python function that takes a string as input, and returns the string with the first letter of each word capitalised.","Here is a Python function that does what you described:
```
def capitalize_first_letters(s):
    return s.title()
```
This function uses the `title()` method of the string, which capitalizes the first letter of each word and makes all other characters lowercase.

Here's an example:
```
>>> capitalize_first_letters(""hello world"")
'Hello World'
```
If you want to implement it manually without using the `title()` method, you can do it like this:
```
def capitalize_first_letters(s):
    words = s.split()
    capitalized_words = [word.capitalize() for word in words]
    return ' '.join(capitalized_words)
```
This function splits the input string into a list of words using the `split()` method, then uses a list comprehension to capitalize the first letter of each word using the `capitalize()` method. Finally, it joins the capitalized words back together into a single string using the `join()` method.

Here's an example:
```
>>> capitalize_first_letters(""hello world"")
'Hello World'
```
Both of these functions will work correctly even if the input string contains punctuation or other non-word characters.",,
"Write a python function that takes a string as input, and returns the length of the longest word in it. Use space as a separator for words.","Here is a Python function that does what you described:
```
def longest_word_length(s):
    words = s.split()  # split the string into a list of words
    return max(len(word) for word in words)  # return the length of the longest word
```
Here's an explanation of how the code works:

1. `s.split()` splits the input string `s` into a list of words, using spaces as the separator. This returns a list of strings, where each string is a word.
2. The `max` function takes a generator expression as an argument. The generator expression `len(word) for word in words` iterates over the list of words and yields the length of each word.
3. The `max` function returns the maximum value yielded by the generator expression, which is the length of the longest word.

Here's some sample code to demonstrate the function:
```
print(longest_word_length(""Hello world""))  # Output: 5
print(longest_word_length(""This is a test sentence""))  # Output: 7
print(longest_word_length(""A very long word is coming""))  # Output: 13
```
Note that this function assumes that words are separated by spaces. If you need to handle other types of separators (e.g. tabs, commas, etc.), you'll need to modify the `split()` method accordingly.",,
"Write a python function that takes a string as input, and returns if its a valid email address.","Here is a Python function that uses a regular expression to validate an email address:
```
import re

def is_valid_email(email):
    """"""
    Returns True if the input string is a valid email address, False otherwise.
    """"""
    email_regex = r""^[a-zA-Z0-9._%+-]+@[a-zA-Z0-9.-]+\.[a-zA-Z]{2,}$""
    if re.match(email_regex, email):
        return True
    return False
```
Here's an explanation of the regular expression used:

* `^` matches the start of the string
* `[a-zA-Z0-9._%+-]+` matches one or more of the following characters: letters (both uppercase and lowercase), numbers, dot (.), hyphen (-), underscore (_), percent (%), plus sign (+)
* `@` matches the @ symbol
* `[a-zA-Z0-9.-]+` matches one or more of the following characters: letters (both uppercase and lowercase), numbers, dot (.), hyphen (-)
* `\.` matches a period (.) character
* `[a-zA-Z]{2,}` matches the domain extension (it must be at least 2 characters long)
* `$` matches the end of the string

Here are some sample inputs and outputs:
```
print(is_valid_email(""example@example.com""))  # True
print(is_valid_email(""invalid_email""))  # False
print(is_valid_email(""example@.com""))  # False
print(is_valid_email(""example@example""))  # False
print(is_valid_email(""example@example.co.uk""))  # True
```
Note that this regular expression does not validate whether the email address actually exists or is in use, it only checks if the format is correct.

Also, it's worth noting that email address validation is a complex topic, and this regular expression may not cover all possible valid email addresses. If you need more advanced email validation, you may want to consider using a dedicated library or service to validate email addresses.",,
"Write a python function that takes a string as input, and returns if its a valid mobile number in India.","Here is a Python function that takes a string as input and returns `True` if it's a valid mobile number in India, and `False` otherwise:
```
import re

def is_valid_indian_mobile_number(phone_number):
    """"""
    Returns True if the input string is a valid Indian mobile number, False otherwise.
    """"""
    pattern = re.compile(r'^\+?91\d{10}$|^\d{10}$')
    return bool(pattern.match(phone_number))

# Sample usage:
print(is_valid_indian_mobile_number(""+919876543210""))  # True
print(is_valid_indian_mobile_number(""9876543210""))  # True
print(is_valid_indian_mobile_number(""+91 98765 43210""))  # False
print(is_valid_indian_mobile_number(""123456789""))  # False
print(is_valid_indian_mobile_number(""123456789012""))  # False
```
Here's an explanation of the regular expression used:

* `^` matches the start of the string
* `\+?` matches an optional `+` character (for international format)
* `91` matches the country code for India
* `\d{10}` matches exactly 10 digits (the mobile number)
* `$` matches the end of the string
* The `|` character is a logical OR, allowing us to match either the international format or the national format
* The second part of the pattern, `^\d{10}$`, matches a 10-digit number without the country code

Note that this function does not validate whether the mobile number is actually in use or valid in the sense that it's registered with a telecom operator. It only checks the format of the input string.",,
Implement a simple encryption algorithm that can encrypt and decrypt strings.,"Here's a simple implementation of a Caesar Cipher, a type of substitution cipher where each letter in the plaintext is 'shifted' a certain number of places down the alphabet. 

```
class CaesarCipher:
    def __init__(self, shift):
        self.shift = shift

    def encrypt(self, text):
        result = """"

        for char in text:
            if char.isalpha():
                ascii_offset = 65 if char.isupper() else 97
                result += chr((ord(char) - ascii_offset + self.shift) % 26 + ascii_offset)
            else:
                result += char

        return result

    def decrypt(self, text):
        result = """"

        for char in text:
            if char.isalpha():
                ascii_offset = 65 if char.isupper() else 97
                result += chr((ord(char) - ascii_offset - self.shift) % 26 + ascii_offset)
            else:
                result += char

        return result


# Example usage:
cipher = CaesarCipher(3)
text = ""Hello, World!""
encrypted_text = cipher.encrypt(text)
print(""Encrypted text:"", encrypted_text)
decrypted_text = cipher.decrypt(encrypted_text)
print(""Decrypted text:"", decrypted_text)
```

In this code, we create a `CaesarCipher` class that takes a `shift` parameter in its constructor. The `encrypt` method shifts each letter in the input text by the specified amount, wrapping around the alphabet if necessary (e.g., 'z' becomes 'a' if the shift is 1). The `decrypt` method does the opposite, shifting the letters back to their original positions.

The `ord` function is used to get the ASCII value of a character, and `chr` is used to get the character represented by a specific ASCII value. The `isalpha` method checks if a character is a letter, and `isupper` checks if a letter is uppercase. The `ascii_offset` variable is used to handle the difference in ASCII values between uppercase and lowercase letters.",,
"Write a python function that takes in a string and checks if its a palindrome (without using string splicing, case sensitive and ignoring spaces).","Here is a Python function that checks if a given string is a palindrome, ignoring spaces and case sensitive:
```
def is_palindrome(s):
    s = ''.join(e for e in s if e.isalnum())  # remove spaces and non-alphanumeric characters
    left, right = 0, len(s) - 1
    while left < right:
        if s[left] != s[right]:
            return False
        left += 1
        right -= 1
    return True
```
Here's an explanation of the code:

1. The first line uses a generator expression to remove spaces and non-alphanumeric characters from the input string, using the `isalnum()` method to check if a character is alphanumeric.
2. We then initialize two pointers, `left` and `right`, to the start and end of the modified string, respectively.
3. The while loop checks if the characters at the `left` and `right` indices are equal. If they're not, we return `False`.
4. If the characters match, we increment `left` and decrement `right` to move towards the center of the string.
5. If the loop completes without finding a mismatch, we return `True`, indicating that the string is a palindrome.

Here are some sample inputs and outputs:
```
print(is_palindrome(""madam""))  # True
print(is_palindrome(""hello""))  # False
print(is_palindrome(""A man a plan a canal Panama""))  # True
print(is_palindrome(""Not a palindrome""))  # False
```
Note that this implementation is case sensitive, so ""Madam"" would not be considered a palindrome. If you want to ignore case, you can modify the comparison inside the loop to use `s[left].lower() != s[right].lower()`.",,
"Write a python function that takes in a paragraph as input, and returns a list of sentences. Use full-stop, exclamation and question mark as the three allowed delimiters between sentences.","Here is a Python function that does what you described:
```
import re

def split_sentences(paragraph):
    sentences = re.split('[.!?]', paragraph)
    sentences = [s.strip() for s in sentences if s.strip()]  # remove empty strings and leading/trailing whitespace
    return sentences

# Sample usage:
paragraph = ""Hello world! This is a test. How are you?""
sentences = split_sentences(paragraph)
print(sentences)  # Output: [""Hello world"", "" This is a test"", "" How are you""]
```
Here's an explanation of the code:

1. The `re` module is imported, which provides regular expression functionality in Python.
2. The `split_sentences` function takes a paragraph as input and uses the `re.split` function to split the paragraph into sentences. The function splits on any of the three delimiters: `.`, `!`, or `?`.
3. The resulting list of sentences may contain empty strings (if there are multiple delimiters in a row) or strings with leading/trailing whitespace. The list comprehension `[s.strip() for s in sentences if s.strip()]` removes these unwanted elements.
4. The final list of sentences is returned.

Note that this implementation assumes that the delimiters are used correctly (i.e., they are followed by a space or the end of the paragraph). If you need to handle more complex cases (e.g., sentences that end with multiple delimiters, or delimiters within quotes), you may need to use a more sophisticated approach, such as using a natural language processing library like NLTK or spaCy.",,